Source,Target,Type,Id,Label,timeset,Weight,direccionalidad,conector,relación,interacciones,convenio,éxito,¿por qué?,razón no éxito,id interno
Instituto UNIVITA,CGEMSYS,Directed,0,,,5,Nosotros los buscamos,,Desarrollo de un proyecto conjunto,1,Sí,Sí,Se lograron acuerdos con otras instituciones y catálogo de servicios general,,OAX1001
ProMéxico,COCITEI,Directed,1,,,1,Alguien más nos conectó,Gob. de OAX,Intercambio de conocimiento y mejores prácticas,2,No,No,No se concluyeron los trabajos enfocados en el desarrollo tecnológico de las empresas,Falta de resultados esperados,OAX1002
UTVCO,CONACYT,Directed,2,,,4,Nosotros los buscamos,,Obtención de recursos monetarios,10,Sí,Sí,"Si, ya que se ha logrado ingresar a las convocatorias",,OAX1003
Dir. de Economía del Mpio. de Oaxaca de Juárez,"Coord. de las Culturas, Turismo y Economía del Mpio. de Oaxaca",Directed,3,,,5,Nosotros los buscamos,,Desarrollo de un proyecto conjunto,1,No,Sí,Se logró el objetivo en vinculacio. Para el desarrollo de proyectos,,OAX1004
COPLADE,UABJO,Directed,4,,,3,Ellos nos buscaron,,Desarrollo de un proyecto conjunto,5,No,Sí,se concretaron la incorporacion de personal capacitado para la realizacion de proyectos,,OAX1005
Gob. de OAX,COGNITIVO,Directed,5,,,5,Ellos nos buscaron,,Intercambio de conocimiento y mejores prácticas,5,Sí,Sí,"Por que se diseñó el proyecto de una iniciativa de ley para el joven emprendedor en Oaxaca, ley que fue aprobada en el año 2013",,OAX1006
Gob. de OAX,UABJO,Directed,6,,,3,Ellos nos buscaron,,Desarrollo de un proyecto conjunto,5,Sí,Sí,Se concretan la incorporacion de personal capacitado para la elaboracion de los proyectos,,OAX1007
Gob. de OAX,UTVCO,Directed,7,,,5,Ellos nos buscaron,,Intercambio de conocimiento y mejores prácticas,1,No,Sí,Por que se lograron los objetivos de capacitación establecidos y actualización,,OAX1008
Dir. Clústers de la SE OAX,INADEM,Directed,8,,,5,Nosotros los buscamos,,Obtención de recursos monetarios,2,Sí,Sí,Aplicación de recursos a los proyectos estratégicos,,OAX1009
IODEMC,INADEM,Directed,9,,,4,Nosotros los buscamos,,Obtención de recursos monetarios,10,Sí,Sí,"Ha sido exitosa desde el punto e vista que hemos logrado concretar y fondear proyectos, sin embargo, no ha sido de la mejor manera, dado que muchos proyectos se quedan sin fondos, ya que la bolsa de recursos es reducida.",,OAX1010
IODEMC,INADEM,Directed,10,,,5,Nosotros los buscamos,,Obtención de recursos monetarios,5,No,Sí,"Nos han vinculado con MIT EF, Fundación Televisa y PNUD.",,OAX1011
COGNITIVO,INADEM,Directed,11,,,5,Nosotros los buscamos,,Obtención de recursos monetarios,10,Sí,Sí,COGNITIVO cuenta con el convenio de aliado clave por parte del INADEM. Siendo uno de sus principales articuladores que ofrece programas y servicios frecuentes ofertados por COGNITIVO a su red de emprendedores.,,OAX1012
FabLab Oax,INADEM,Directed,12,,,1,Nosotros los buscamos,,Obtención de recursos monetarios,1,No,No se logró colaborar,La convocatoria no estaba dirigida a la organizacion,Objetivos/intereses no alineados,OAX1013
Oaxaca Activa,INADEM,Directed,13,,,4,Nosotros los buscamos,,Acceso a red de contactos,2,No,Sí,Porque se obtuvo un reconocimiento dando mayor certeza y seguridad a los emprendedores,,OAX1014
SICADEM,INADEM,Directed,14,,,3,Nosotros los buscamos,,Obtención de recursos monetarios,30,No,Sí,REALMENTE LA COLABORACIÓN PARA QUE NOS ACEPTARAN COMO INCUBADORA FUE EXITOSA PERO TARDADO Y HASTA AHORITA ES UNA BUENA DE VINCULACIÓN Y EN LA PARTICIPACIÓN DE LAS CONVOCATORIAS HEMOS SALIDO BENEFICIADOS PERO SIN RECURSOS Y EN ESTE CASO LO VEO UN POCO EXITOSA.,,OAX1015
UTSSO,INADEM,Directed,15,,,2,Nosotros los buscamos,,Obtención de recursos monetarios,1,No,No se logró colaborar,Aún no se tiene respuesta,Falta de seguimiento,OAX1016
UTVCO,INADEM,Directed,16,,,5,Nosotros los buscamos,,Desarrollo de un proyecto conjunto,40,Sí,Sí,Porque el convenio se basa en la transmisión de convocatorias,,OAX1017
UTVCO,INADEM,Directed,17,,,5,Nosotros los buscamos,,Acceso a red de contactos,3,Sí,Sí,Por el impacto y el nivel de vinculación que adquirió la Universidad al tener una incubadora reconocida a nivel Federal,,OAX1018
Disruptech IT,INADEM,Directed,18,,,3,Nosotros los buscamos,,Obtención de recursos monetarios,5,Sí,Sí,por que todos los proyectos llegaron a buen termino,,OAX1019
INADEM,Enactus UTM,Directed,19,,,4,Ellos nos buscaron,,Intercambio de conocimiento y mejores prácticas,1,Sí,Sí,Me ayudo a conocer otras organizaciones como están trabajando y establecer relaciones,,OAX1020
Dir. de Economía del Mpio. de Oaxaca de Juárez,IODEMC,Directed,20,,,2,Nosotros los buscamos,,Desarrollo de un proyecto conjunto,1,No,Sí,Se vincularon varios emprendedores,,OAX1021
CIDES,IODEMC,Directed,21,,,5,Nosotros los buscamos,,Intercambio de conocimiento y mejores prácticas,6,No,Sí,por toda la información que nos brinda.,,OAX1022
IODEMC,CIIE ITP,Directed,22,,,2,Ellos nos buscaron,,Intercambio de conocimiento y mejores prácticas,1,Sí,Sí,Porque nos certificamos como directores de centros de incubación y ellos nos contactaron,,OAX1023
CIIE ITP,IODEMC,Directed,23,,,4,Nosotros los buscamos,,Intercambio de conocimiento y mejores prácticas,1,Sí,Sí,Porque la colaboración eficiencia para asesorar a los empresarios que solicitan recursos económicos para emprender con base en sus convocatorias,,OAX1024
CIIE ITVE,IODEMC,Directed,24,,,4,Nosotros los buscamos,,Intercambio de conocimiento y mejores prácticas,2,Sí,Sí,intercambiamos,,OAX1025
IODEMC,CIIE UNCA,Directed,25,,,5,Ellos nos buscaron,,Acceso a red de contactos,1,Sí,Sí,Gracias a esta colaboración se pudieron constituir dos micro empresas.,,OAX1026
COGNITIVO,IODEMC,Directed,26,,,5,Nosotros los buscamos,,Obtención de recursos monetarios,5,Sí,Sí,"COGNITIVO, en la actualidad, figura dentro de su red de aliados de incubadoras con el mayor indice de satisfacción por parte de sus emprendedores.",,OAX1027
IODEMC,FabLab Oax,Directed,27,,,3,Ellos nos buscaron,,Obtención de recursos monetarios,2,No,No se logró colaborar,La propuesta no estaba dentro de su target de público a la que atendía,Objetivos/intereses no alineados,OAX1028
INITED,IODEMC,Directed,28,,,3,Nosotros los buscamos,,Intercambio de conocimiento y mejores prácticas,4,Sí,Sí,Se estableció un convenio de colaboración y se colabora actualmente en distintas actividades y eventos de ambas partes.,,OAX1029
IODEMC,ITISTMO,Directed,29,,,4,Ellos nos buscaron,,Desarrollo de un proyecto conjunto,4,Sí,Sí,"Porque ha tenido un plan de trabajo frecuente y constante a favor del emprendimiento y de la competitividad de los empresarios, es un Instituto de nueva creación. Con ellos estamos conformados en una red de incubadoras.",,OAX1030
IODEMC,ITSAL,Directed,30,,,4,Ellos nos buscaron,,Obtención de recursos monetarios,2,Sí,Sí,Hemos desarrollado juntos la posibilidad de la gestión del conocimiento.,,OAX1031
ITSAL,IODEMC,Directed,31,,,5,Nosotros los buscamos,,Cobertura mediática,6,Sí,Sí,Al día de hoy nos siguen apoyando en la difusión y promoción del nuestro CIIE,,OAX1032
ITVO,IODEMC,Directed,32,,,5,Nosotros los buscamos,,Acceso a red de contactos,3,Sí,Sí,HA PERMITIDO INVOLUCRAR A NUESTROS ESTUDIANTES A CUESTIONES INNOVADORAS Y TAMBIEN NOS VINCULO AL INSTITUTO MEXICANO DE LA PROPIEDAD INTELECTUAL (IMPI),,OAX1033
Oaxaca Activa,IODEMC,Directed,33,,,5,Nosotros los buscamos,,Desarrollo de un proyecto conjunto,2,Sí,Sí,Se han apoyado a 34 emprendedores en el estado,,OAX1034
PEDADI,IODEMC,Directed,34,,,5,Nosotros los buscamos,,Obtención de recursos monetarios,1,Sí,Sí,"A TRAVES DEL APOYO DEL IODEMC SE OBTUVO UNA BECA DE INCUBACION CON LA INCUBADORA DE NEGOCIOS COGNITIVO DE LA UTVCO, LO QUE A SU VEZ PERMITIO LA PARTICIPACION DEL INSTITUTO PEDADI EN EL PROGRAMA DE INCUBACION EN LINEA DEL INSTITUTO NACIONAL DEL EMPRENDEDOR (INADEM) LOGRANDO CONCLUIRLO EXITOSAMENTE. GRACIAS A ESTE PROCESO DE INCUBACION SE LOGRO ACCEDER A UNA CONVOCATORIA Y POSTERIORMENTE A UN CREDITO EMPRESARIAL QUE PERMITIO ADQUIRIR LA LICENCIA DE USO DE UNA METODOLOGIA DE EMPRENDIMIENTO RECONOCIDA POR EL INADEM ""BUSINESSKIDS"". ADEMAS SE LOGRO LA PARTICIPACION DEL INSTITUTO PEDADI EN DIVERSOS CURSOS DE EMPRENDIMIENTO, NEGOCIOS, EDUCACION FINANCIERA Y OTROS IMPARTIDOS POR EL PROPIO IODEMC U OTRA INSTANCIA AFILIADA AL IODEMC COMO LA UNIVERSIDAD ANAHUAC CAMPUS OAXACA.",,OAX1035
Primero Por Ti,IODEMC,Directed,35,,,1,Nosotros los buscamos,,Acceso a red de contactos,10,Sí,No,Aunque ya terminamos de formalizar el convenio no se ha realizado al día de hoy ningún trabajo juntos,Falta de seguimiento,OAX1036
Primero Por Ti,IODEMC,Directed,36,,,4,Nosotros los buscamos,,Obtención de recursos monetarios,1,Sí,Sí,Seguimos trabajando juntos e incluso se a mejorado y fortalecido la vinculación,,OAX1037
SICADEM,IODEMC,Directed,37,,,4,Nosotros los buscamos,,Intercambio de conocimiento y mejores prácticas,2,Sí,Sí,"Ambas partes hemos trabajado para que la colaboración se realice el IODEMC nos apoya para que las actividades, talleres o cursos hagan la invitación, tanto para nosotros como para los clientes que tenemos. nosotros en la aportación de algunas capacitaciones y participación en actividades.",,OAX1038
SUM OAX,IODEMC,Directed,38,,,3,Nosotros los buscamos,,Intercambio de conocimiento y mejores prácticas,12,No,Sí,Pues desarrollamos programas de incubación y consultoría.,,OAX1039
UTSSO,IODEMC,Directed,39,,,4,Nosotros los buscamos,,Intercambio de conocimiento y mejores prácticas,6,No,Sí,Brindan la oportunidad de tener más información y te capacitación en temas que se presentan día a día,,OAX1040
UTSSO,IODEMC,Directed,40,,,4,Nosotros los buscamos,,Acceso a red de contactos,6,No,Sí,Nos ayudan a conectar con la red de aliados y tener contacto con incubandos,,OAX1041
UTVCO,IODEMC,Directed,41,,,5,Nosotros los buscamos,,Acceso a red de contactos,1,Sí,Sí,Se han concretados resultado de todas las colaboraciones,,OAX1042
IODEMC,ProMéxico,Directed,42,,,3,Ellos nos buscaron,,Desarrollo de un proyecto conjunto,1,No,Sí,Porque organizamos un foro de desarrollo para MPyMES de Oaxaca,,OAX1043
IODEMC,TV por Internet,Directed,43,,,4,Ellos nos buscaron,,Intercambio de conocimiento y mejores prácticas,1,No,Sí,"Nos invitan a sus eventos, acceso directo con su director",,OAX1044
Enactus UTM,IODEMC,Directed,44,,,2,Nosotros los buscamos,,Acceso a red de contactos,2,No,Sí,"Lo que buscábamos en ese momento era asesoría con su metodología de emprendimiento, y la obtuvimos",,OAX1045
Jóvenes COPARMEX,Mpio. de Oaxaca de Juárez,Directed,45,,,3,Nosotros los buscamos,,Obtención de recursos monetarios,20,No,Sí,Se sigue trabajando y aportando,,OAX1046
ITESM OAX,Mpio. de Oaxaca de Juárez,Directed,46,,,4,Nosotros los buscamos,,Desarrollo de un proyecto conjunto,9,Sí,Sí,Se realizaron convenios de maestría para diferentes sectores y un plan de desarrollo municipal,,OAX1047
PEDADI,Mpio. de Oaxaca de Juárez,Directed,47,,,5,Nosotros los buscamos,,Obtención de recursos monetarios,1,No,Sí,"GRACIAS A LA INTERVENCION DEL H. AYUNTAMIENTO DE OAXACA DE JUAREZ, OAXACA, SE LOGRARON DISMINUIR LOS COSTOS DE REALIZACION DE LA PRIMERA (2017) Y SEGUNDA (2018) FERIAS ANUALES EDUCATIVAS DE EMPRENDIMIENTO INFANTIL REALIZADAS EN EL PASEO JUAREZ ""EL LLANO"", PARQUE ESTRATEGICO UBICADO EN EL MUNICIPIO DE OAXACA DE JUAREZ, DANDO OPORTUNIDAD A LOS PEQUEÑOS EMPRENDEDORES DE EXPONER SUS IDEAS A LA SOCIEDAD OAXAQUEÑA.",,OAX1048
Oaxaca Activa,Mpio. de Santa Cruz Xoxocotlán,Directed,48,,,2,Nosotros los buscamos,,Desarrollo de un proyecto conjunto,1,No,Sí,"La vinculación fue exitosa, por que se logro el objetivo trabajar un proyecto de capacitación, y atención a los empresarios de ese municipio.",,OAX1049
Mpio. de Villa Sola de Vega,UTSSO,Directed,49,,,2,Ellos nos buscaron,,Desarrollo de un proyecto conjunto,2,No,No se logró colaborar,No habido respuesta,Falta de seguimiento,OAX1050
ITVO,SAGARPA,Directed,50,,,5,Nosotros los buscamos,,Intercambio de conocimiento y mejores prácticas,3,Sí,Sí,SE HAN LOGRADO MUCHOS CURSOS DE CAPACITACIÓN DE EMPRENDIMIENTO A NUESTROS ESTUDIANTES,,OAX1051
UTSSO,SAGARPA,Directed,51,,,2,Nosotros los buscamos,,Desarrollo de un proyecto conjunto,1,No,No se logró colaborar,No han dado respuesta,Falta de seguimiento,OAX1052
UTVCO,SAGARPA,Directed,52,,,4,Nosotros los buscamos,,Desarrollo de un proyecto conjunto,8,Sí,Sí,Por el impacto que generó en el sector productivo,,OAX1053
SE,CIIE ITP,Directed,53,,,2,Ellos nos buscaron,,Intercambio de conocimiento y mejores prácticas,1,No,Sí,Porque nos certificamos en sus instalaciones y hemos recibido invitación para otros eventos,,OAX1054
COGNITIVO,SE,Directed,54,,,5,Nosotros los buscamos,,Desarrollo de un proyecto conjunto,2,Sí,Sí,"Por que capacitaron de manera complementaria a nuestros emprendedores en un simulador de negocios, y nos compartían convocatorias públicas de apoyo y nos invitaban a eventos",,OAX1055
ITISTMO,SE,Directed,55,,,3,Nosotros los buscamos,,Obtención de recursos en especie,3,No,Sí,Porque desde el inicio de la relación con el contacto han avanzado las actividades progresivamente a favor de los temas de emprendimiento e innovación empresarial,,OAX1056
ITVO,SE,Directed,56,,,5,Nosotros los buscamos,,Acceso a red de contactos,3,No,Sí,NOS HA BRINDADO ASESORIA SOBRE PATENTES Y REDES DE EMPRENDIMIENTO LOCALES,,OAX1057
Oaxaca Activa,SE,Directed,57,,,2,Nosotros los buscamos,,Obtención de recursos en especie,1,Sí,No,"Inicialmente funcionó la colaboración, pero en una segunda oportunidad no obtuvimos volver a trabajar, muy posiblemente por confusión de las reglas para aplicar a convocatoria y falta de comunicación.",Esquema mal definido,OAX1058
SEAC,SE,Directed,58,,,2,Alguien más nos conectó,TV por Internet,Acceso a red de contactos,1,Sí,Sí,Porque se establecieron contactos con el sector público,,OAX1059
UABJO,SE,Directed,59,,,3,Nosotros los buscamos,,Desarrollo de un proyecto conjunto,5,No,Sí,Se logra la incorporacion de gente altamente capacitada para la elaboracion de proyectos,,OAX1060
TV por Internet,SE,Directed,60,,,4,Nosotros los buscamos,,Obtención de recursos monetarios,5,No,Sí,"Nos abren las puertas, nos invitan a eventos",,OAX1061
UTSSO,SE,Directed,61,,,2,Nosotros los buscamos,,Obtención de recursos monetarios,2,No,No se logró colaborar,Por que no se ha dado una resolución,Falta de seguimiento,OAX1062
UABJO,SEDATU,Directed,62,,,4,Nosotros los buscamos,,Obtención de recursos en especie,5,Sí,Sí,Se proporcionaron los recursos,,OAX1063
CEC-IPN Oaxaca,SE OAX,Directed,63,,,3,Nosotros los buscamos,,Desarrollo de un proyecto conjunto,20,No,Sí,Porque se han envuelto en los proyectos de los emprendedores capacitados por el CEC Unidad Oaxaca,,OAX1064
ITVO,SE OAX,Directed,64,,,4,Nosotros los buscamos,,Acceso a red de contactos,3,Sí,Sí,SE HA LOGRADO COLOCAR A PRESTADORES DE SERVICIO SOCIAL CON PEQUEÑOS PRODUCTORES DE MEZCAL DEL ESTADO DE OAXACA PARA GENERARLES PROYECTOS QUE DETONEN SU EMPRESA,,OAX1065
UTVCO,SE OAX,Directed,65,,,4,Nosotros los buscamos,,Desarrollo de un proyecto conjunto,10,Sí,Sí,Se desarrollan proyectos en conjunto y colaboran siempre en eventos,,OAX1066
ProMéxico,SE OAX,Directed,66,,,4,Nosotros los buscamos,,Desarrollo de un proyecto conjunto,2,Sí,Sí,Porque se han concretado acciones conjuntas como eventos de promoción internacional,,OAX1067
Disruptech IT,SE OAX,Directed,67,,,3,Nosotros los buscamos,,Obtención de recursos monetarios,10,No,Sí,por que ya se han realizado varios proyectos eme conjunto.,,OAX1068
Disruptech IT,SE OAX,Directed,68,,,3,Nosotros los buscamos,,Acceso a red de contactos,6,No,Sí,por que se pudo acceder a otros habilitadores,,OAX1069
Comunidad Arduino,FabLab Oax,Directed,69,,,4,Ellos nos buscaron,,Intercambio de conocimiento y mejores prácticas,2,Sí,Sí,Se ha colaborado en la realización de eventos en conjunto,,OAX1070
Comunidad de Software Libre,FabLab Oax,Directed,70,,,5,Ellos nos buscaron,,Intercambio de conocimiento y mejores prácticas,2,Sí,Sí,"Nuestros objetivos se alinean a,la de ellos",,OAX1071
SUM OAX,FUN,Directed,71,,,5,Alguien más nos conectó,Austria,Obtención de recursos monetarios,5,Sí,Sí,Pues se implementó la metodología y se desarrollan eventos de forma periódica.,,OAX1072
COGNITIVO,IDEADORES,Directed,72,,,3,Alguien más nos conectó,Cursolab,Intercambio de conocimiento y mejores prácticas,2,No,No,"Ideadores era un colectivo de emprendimientos enfocado a las TICS, pero el grupo perdió el interés de su cooperación y se fue diluyendo el esfuerzo",Objetivos/intereses no alineados,OAX1073
Inviértete,ITESM OAX,Directed,73,,,3,Ellos nos buscaron,,Intercambio de conocimiento y mejores prácticas,2,Sí,Sí,Logramos interactuar con sus alumnos quienes desarrollan sowftware para que se motiven en seguir preparándose,,OAX1074
LoopTalks,oaxaca.rb,Directed,74,,,2,Alguien más nos conectó,Un miembro de la comunidad,Intercambio de conocimiento y mejores prácticas,2,No,Sí,Charlas varias sobre aplicación práctica de la tecnologia,,OAX1075
CEC-IPN Oaxaca,CIIDIR,Directed,75,,,4,Nosotros los buscamos,,Intercambio de conocimiento y mejores prácticas,1,No,Sí,"Existe una mayor colaboración en intercambio de conocimiento, capacitación y mejora de proyectos.",,OAX1076
ITVO,CIIDIR,Directed,76,,,5,Nosotros los buscamos,,Intercambio de conocimiento y mejores prácticas,5,Sí,Sí,"HA PERMITIDO EL INTERCAMBIO DE IDEAS, RESIDENTES PROFESIONALES Y ASISTENCIA MUTUA EN PROYECTOS DE INVESTIGACIÓN Y DESARROLLO",,OAX1077
CIITEC-IPN,CEC-IPN Oaxaca,Directed,77,,,4,Ellos nos buscaron,,Intercambio de conocimiento y mejores prácticas,1,No,Sí,Se capacitó a emprendedores para desarrollo de proyectos de innovación tecnológica.,,OAX1078
CIIE ITP,IPN,Directed,78,,,3,Nosotros los buscamos,,Intercambio de conocimiento y mejores prácticas,1,Sí,Sí,Para titular de forma presencial a varios estudiantes a través de cursos presenciales,,OAX1079
ITISTMO,IQH,Directed,79,,,5,Nosotros los buscamos,,Intercambio de conocimiento y mejores prácticas,3,Sí,Sí,"Porque el instituto nos ha apoyado en la formación de alumnos, buenas prácticas en incubación y la vinculación con los clústeres del estado de Querétaro",,OAX1080
Soutech,COGNITIVO,Directed,80,,,5,Ellos nos buscaron,,Desarrollo de un proyecto conjunto,3,Sí,Sí,"Se colaboró con 2 investigaciones una de ellas denominada ""Implementación de procesos biológicos y biotecnológicos para el aprovechamiento de los subproductos generados en la industria mezcalera del estado de Oaxaca"" estatus de la investigación en desarrollo",,OAX1081
UNAM,SICADEM,Directed,81,,,4,Ellos nos buscaron,,Intercambio de conocimiento y mejores prácticas,10,No,Sí,"La invitación para la participación al diplomado ""modelos de gestión de proyectos sociales"".",,OAX1082
UABJO,UNAM,Directed,82,,,4,Nosotros los buscamos,,Desarrollo de un proyecto conjunto,4,Sí,Sí,Se genero el convenio,,OAX1083
CBTIS 123,CIDEH-Impulsa,Directed,83,,,5,Ellos nos buscaron,,Desarrollo de un proyecto conjunto,1,Sí,Sí,Incidencia en la comunidad joven,,OAX1084
INITED,CIDEH-Impulsa,Directed,84,,,4,Nosotros los buscamos,,Desarrollo de un proyecto conjunto,2,Sí,Sí,Desarrollo de proyectos en conjunto,,OAX1085
CEC-IPN Oaxaca,CIEBT-IPN,Directed,85,,,4,Nosotros los buscamos,,Intercambio de conocimiento y mejores prácticas,4,No,Sí,Se puso en contacto al emprendedor con el CIEBT y se le dieron recomendaciones para mejorar su proyecto,,OAX1086
CIIE ITP,CIIE ITT,Directed,86,,,5,Nosotros los buscamos,,Intercambio de conocimiento y mejores prácticas,1,Sí,Sí,Se firmó el convenio de colaboración a través de la red de incubadoras del estado de Oaxaca que pertenecen al tecnológico nacional de México,,OAX1087
CIIE ITP,CIIE ITTL,Directed,87,,,5,Nosotros los buscamos,,Intercambio de conocimiento y mejores prácticas,1,Sí,Sí,Se formó una red de incubadoras del estado de Oaxaca pertenecientes al tecnológico nacional de México,,OAX1088
Oaxaca Activa,CIIE ITTL,Directed,88,,,2,Nosotros los buscamos,,Intercambio de conocimiento y mejores prácticas,1,No,Sí,"Se lograron los objetivos, y se sigue trabajando",,OAX1089
CIIE ITP,CIIE ITVE,Directed,89,,,5,Nosotros los buscamos,,Intercambio de conocimiento y mejores prácticas,1,Sí,Sí,Se firmó el convenio de colaboración de la red de incubadoras del estado de Oaxaca pertenecientes al tecnológico nacional de México,,OAX1090
CIIE ITP,CIIE TEC-ISTMO,Directed,90,,,5,Nosotros los buscamos,,Intercambio de conocimiento y mejores prácticas,1,Sí,Sí,Se forma la red de incubadoras del estado de Oaxaca que pertenecen al tecnológico nacional de México,,OAX1091
ITSAL,CIIE TEC-ISTMO,Directed,91,,,3,Nosotros los buscamos,,Acceso a red de contactos,2,No,Sí,Logramos los contactos necesarios,,OAX1092
ITESM OAX,COBAO,Directed,92,,,3,Nosotros los buscamos,,Acceso a red de contactos,5,Sí,Sí,Acceso a alumnos,,OAX1093
IODEMC,COGNITIVO,Directed,93,,,5,Nosotros los buscamos,,Intercambio de conocimiento y mejores prácticas,1,No,Sí,"Iniciamos con el desarrollo de una metodología de atención al emprendedor, la cual utiliza actualmente el IODEMC. De igual forma le contratamos un curso para la capacitación de otras incubadoras. Finalmente son aliados para la incubación de empresas.",,OAX1094
Oaxaca Activa,COGNITIVO,Directed,94,,,4,Nosotros los buscamos,,Intercambio de conocimiento y mejores prácticas,1,No,Sí,Porque se han desarrollado habilidades de los emprendedores en temas empresariales o financieros,,OAX1095
PEDADI,COGNITIVO,Directed,95,,,5,Nosotros los buscamos,,Desarrollo de un proyecto conjunto,1,Sí,Sí,"SE LOGRO CONSTRUIR UN MODELO EDUCATIVO DE EDUCACION PREESCOLAR OFICIAL CON ENFOQUE EMPRENDEDOR Y BASADO EN LA FILOSOFIA TOLTECA DIRIGIDO A NIÑOS DE 3 A 5 AÑOS DE EDAD. ADEMAS SE ADQUIRIO EL PERMISO DE USO DE UNA METODOLOGIA DE EMPRENDIMIENTO PARA NIÑOS DE 4 A 14 AÑOS DE EDAD, RECONOCIDA POR EL INADEM ""BUSINESSKIDS"" Y QUE SE IMPLEMENTA DE MANERA EXTRACURRICULAR PARA NIÑOS DE DICHAS EDADES QUE RADICAN EN LA CIUDAD DE OAXACA. ADEMAS SE GENERARON Y CONSOLIDARON DIVERSAS ALIANZAS ESTRATEGICAS QUE PERMITEN LA IMPLEMENTACION EXITOSA DE DICHO MODELO CON INSTANCIAS PUBLICAS Y PRIVADAS FACULTADAS EN EL TEMA DEL EMPRENDIMIENTO.",,OAX1096
UTSSO,COGNITIVO,Directed,96,,,4,Nosotros los buscamos,,Intercambio de conocimiento y mejores prácticas,1,No,Sí,El intercambio de la información y estrategias de operación de la incubadora son satisfactorias y dejan aprendizajes significativos a los que integramos la incubadora,,OAX1097
UTVCO,CONOCER,Directed,97,,,5,Nosotros los buscamos,,Acceso a red de contactos,9,Sí,Sí,"Por el impacto que se ha tenido en la universidad, estudiantes y sector productivo, mejorando la posibilidad de ofertar servicios profesionales",,OAX1098
Oaxaca Activa,DDPR,Directed,98,,,3,Nosotros los buscamos,,Desarrollo de un proyecto conjunto,2,Sí,Sí,Se pudo desarrollar un proyecto para la atención de emprendedores en Veracruz,,OAX1099
Distrito Emprendedor Mx,COGNITIVO,Directed,99,,,5,Ellos nos buscaron,,Desarrollo de un proyecto conjunto,2,No,Sí,"Por que nos capacitaron de manera integral (a consultores, docentes, y a nuestro circulo de emprendedores) sobre herramientas vanguardistas sobre emprendimiento",,OAX1100
EULER,UCEPCO,Directed,100,,,5,Ellos nos buscaron,,Desarrollo de un proyecto conjunto,2,No,Sí,Se generaron esquemas de asesoría para los proyectos que ingresan con la union,,OAX1101
UCEPCO,EULER,Directed,101,,,5,Nosotros los buscamos,,Acceso a red de contactos,1,Sí,Sí,Se generaron esquemas de viculacion a los proyectos de alta factibilidad,,OAX1102
FabLab Oax,Enactus UTM,Directed,102,,,4,Ellos nos buscaron,,Intercambio de conocimiento y mejores prácticas,3,No,Sí,Hemos logrado enriquecer y fortalecer nuestros proyectos por la compartición de conocimientos.,,OAX1103
FICEPCO,UCEPCO,Directed,103,,,5,Ellos nos buscaron,,Obtención de recursos monetarios,1,Sí,Sí,Se genero una viculacion con sectores no atendidos,,OAX1104
UCEPCO,FIRA,Directed,104,,,5,Nosotros los buscamos,,Desarrollo de un proyecto conjunto,3,Sí,Sí,Se genero esquemas de promocion para el crecimiento de mercado,,OAX1105
ProMéxico,FIRA,Directed,105,,,2,Nosotros los buscamos,,Obtención de recursos monetarios,3,Sí,Sí,"Han contribuido con ProMexico en la organización de foros internacionales, no solo en Oaxaca sino a nivel nacional",,OAX1106
UCEPCO,FND,Directed,106,,,4,Nosotros los buscamos,,Obtención de recursos monetarios,3,Sí,Sí,Se generaron nuevas lineas de fondeos con tasas accesibles,,OAX1107
CIIE ITP,Fundación Coca-Cola,Directed,107,,,3,Nosotros los buscamos,,Intercambio de conocimiento y mejores prácticas,1,Sí,Sí,Modelo coca cola para las mujeres detallistas de la región,,OAX1108
Fundación Coca-Cola,ITSAL,Directed,108,,,5,Ellos nos buscaron,,Desarrollo de un proyecto conjunto,5,Sí,Sí,Se logro capacitar a 500 empresarias en tema de emprendimiento,,OAX1109
ProMéxico,Fundación Produce,Directed,109,,,1,Nosotros los buscamos,,Acceso a red de contactos,4,No,No se logró colaborar,No hubo respuesta concreta de su parte,Falta de seguimiento,OAX1110
IODEMC,FundaciónTelevisa,Directed,110,,,5,Alguien más nos conectó,INADEM,Obtención de recursos monetarios,3,Sí,Sí,"Además de recursos económicos, hemos implementado ya tres proyectos en conjunto. nos han ayudado vincular con otras organizaciones.",,OAX1111
GreenMomentum,UTVCO,Directed,111,,,5,Ellos nos buscaron,,Acceso a red de contactos,3,No,Sí,Por la participación en las convocatorias,,OAX1112
Primero Por Ti,Impact Hub OAX,Directed,112,,,2,Nosotros los buscamos,,Intercambio de conocimiento y mejores prácticas,1,Sí,Sí,Elaboración de proyecto agro alimentario en marcha exitosamente,,OAX1113
SEAC,Impact Hub OAX,Directed,113,,,3,Nosotros los buscamos,,Intercambio de conocimiento y mejores prácticas,1,No,Sí,Porque intercambiamos conocimientos,,OAX1114
Oaxaca Activa,IMPI,Directed,114,,,2,Nosotros los buscamos,,Intercambio de conocimiento y mejores prácticas,,No,No se logró colaborar,"Por que aun que la institución nos dio los medios, no se ha podido concretar la vinculación",Falta de seguimiento,OAX1115
INEDEO,Primero Por Ti,Directed,115,,,2,Ellos nos buscaron,,Desarrollo de un proyecto conjunto,1,Sí,Sí,Seguimos colaborando juntos en proyectos,,OAX1116
INITED,CIDEH-Impulsa,Directed,116,,,5,Ellos nos buscaron,,Desarrollo de un proyecto conjunto,1,Sí,Sí,Hemos trabajado en conjunto para el desarrollo de diferentes proyectos,,OAX1117
Oaxaca Activa,IT Valle Etla,Directed,117,,,3,Nosotros los buscamos,,Intercambio de conocimiento y mejores prácticas,2,No,Sí,Se han capacitado a jóvenes del Instituto,,OAX1118
DDPR,ITCP,Directed,118,,,5,Nosotros los buscamos,,Desarrollo de un proyecto conjunto,4,Sí,Sí,El intercambio de información para estudiantes y el desarrollo de talleres fue exitoso porque se crearon microempresas que implementaron los estudiantes.,,OAX1119
CEC-IPN Oaxaca,ITO,Directed,119,,,5,Nosotros los buscamos,,Intercambio de conocimiento y mejores prácticas,3,Sí,Sí,Actualmente se capacitan para generación de proyectos de emprendurismo a los alumnos del ITO.,,OAX1120
CIDEH-Impulsa,ITO,Directed,120,,,2,Nosotros los buscamos,,Intercambio de conocimiento y mejores prácticas,10,Sí,No,Firmamos convenio pero no fue otorgado por su mala administración,Falta de seguimiento,OAX1121
INITED,ITO,Directed,121,,,5,Nosotros los buscamos,,Intercambio de conocimiento y mejores prácticas,3,Sí,Sí,Actualmente se cuenta con la vinculación para que las y los estudiantes puedan realizar su servicio social o residencia profesional en nuestra institución.,,OAX1122
Oaxaca Activa,ITO,Directed,122,,,3,Nosotros los buscamos,,Desarrollo de un proyecto conjunto,2,No,Sí,"Se planteo un proyecto conjunto para los alumnos del Tecnológico de Oaxaca y se logro el objetivo, hubo impactos favorables y satisfactorios casos de éxito",,OAX1123
ITSAL,ITS Teposcolula,Directed,123,,,3,Nosotros los buscamos,,Intercambio de conocimiento y mejores prácticas,2,No,Sí,"se logro generar el conocimiento,",,OAX1124
ITT,COGNITIVO,Directed,124,,,3,Ellos nos buscaron,,Intercambio de conocimiento y mejores prácticas,2,No,Sí,"Se desarrolló un proyecto para prolongar la vida de anaquel del pan caractrístico de Tlaxiaco, Oaxaco para su venta en mercados internacionales",,OAX1125
Oaxaca Activa,ITT,Directed,125,,,4,Nosotros los buscamos,,Desarrollo de un proyecto conjunto,2,No,Sí,Se han capacitado a los jóvenes de la institucion en temas de emprendimiento,,OAX1126
DDPR,ITTUX,Directed,126,,,5,Nosotros los buscamos,,Intercambio de conocimiento y mejores prácticas,3,Sí,Sí,Se realizó un campamento emprendedor en el que participaron los estudiantes y desarrollaron sus ideas de megocio,,OAX1127
Disruptech IT,Kernel Technologies,Directed,127,,,4,Nosotros los buscamos,,Obtención de recursos monetarios,4,Sí,Sí,realización de varios proyectos,,OAX1128
MR Consultores,UCEPCO,Directed,128,,,1,Ellos nos buscaron,,Obtención de recursos monetarios,4,No,No,Falta de formalidad,Otro,OAX1129
COGNITIVO,NAFIN,Directed,129,,,4,Nosotros los buscamos,,Obtención de recursos monetarios,5,No,Sí,"NAFINSA ofrece servicios de financiamiento, capacitación y asistencia aprovechados por COGNITIVO para sus emprendedores; para ello, se logro un convenio entre ambas organizaciones.",,OAX1130
Oaxaca Activa,NAFIN,Directed,130,,,3,Nosotros los buscamos,,Obtención de recursos monetarios,2,Sí,Sí,Por que hemos trabajado de manera conjunta en capacitaciones y con la obtención de información para crédito joven.,,OAX1131
COGNITIVO,Oaxaca Activa,Directed,131,,,5,Nosotros los buscamos,,Acceso a red de contactos,2,Sí,Sí,Por que respaldaron el inicio de operación de nuestra Incubadora compartiendo espacios de capacitación y consultores para entrenar a nuestros emprendedores,,OAX1132
Oaxaca Activa,DDPR,Directed,132,,,5,Ellos nos buscaron,,Intercambio de conocimiento y mejores prácticas,3,Sí,Sí,"Hemos trabajado en conjunto desde hace 4 años, en el intercambio de información y talleres. Así como asociarnos en proyectos importantes",,OAX1133
UCEPCO,Oikocredit,Directed,133,,,5,Nosotros los buscamos,,Obtención de recursos monetarios,1,Sí,Sí,Se generaron nuevas fuentes de fondeo para impulsar proyectos,,OAX1134
IODEMC,PSM,Directed,134,,,4,Nosotros los buscamos,,Desarrollo de un proyecto conjunto,4,No,Sí,"La colaboración ha sido para el desarrollo de proyectos de impacto social, gracias a la experiencia de la organización dichos programas han sido muy bien enfocados.",,OAX1135
Red de Incubadoras TecNM,ITISTMO,Directed,135,,,4,Ellos nos buscaron,,Intercambio de conocimiento y mejores prácticas,2,Sí,Sí,Porque desde el inicio de la colaboración la incubadora se ha fortalecido,,OAX1136
TV por Internet,SEReS University,Directed,136,,,5,Nosotros los buscamos,,Desarrollo de un proyecto conjunto,1,Sí,Sí,"Se creo la empresa, creamos 4 licenciaturas y 6 maestrías y estamos creando diplomados como FINTECH, Formación de Emprendedores, Sistemas de Calidad (CARTES, ISO29110, TSP/PSP), Competitividad",,OAX1137
SUM,IODEMC,Directed,137,,,5,Ellos nos buscaron,,Desarrollo de un proyecto conjunto,1,No,Sí,"Además de proyectos incubados, colaboramos en la creación e implementación del ""Encuentro Conectando Emprendedores en Oaxaca""",,OAX1138
SUM OAX,SUM,Directed,138,,,5,Nosotros los buscamos,,Acceso a red de contactos,10,Sí,Sí,Pues se generó el Campus Oaxaca de la organización.,,OAX1139
ITISTMO,TECNM,Directed,139,,,5,Alguien más nos conectó,El sistema nos vincula,Desarrollo de un proyecto conjunto,1,No,Sí,"Con los proyectos formulados, los tecnológicos aliados nos apoyamos, intercambiamos cursos, capacitaciones etc con la finalidad de cumplir con los objetivos",,OAX1140
UCEPCO,UABJO,Directed,140,,,5,Nosotros los buscamos,,Acceso a red de contactos,4,No,Sí,Se genero un esquema de trabajo con pasantes de licenciaturas,,OAX1141
IODEMC,UAO,Directed,141,,,5,Nosotros los buscamos,,Desarrollo de un proyecto conjunto,1,Sí,Sí,"Desarrollamos el ""Encuentro Conectando Emprendedores en Oaxaca"" y actualmente exploramos la coinversión en un centro de innovación y transferencia tecnológica.",,OAX1142
CIDEH-Impulsa,UAO,Directed,142,,,3,Nosotros los buscamos,,Desarrollo de un proyecto conjunto,5,No,Sí,Hay apertura para el desarrollo de actividades pero no se consolida el convenio,,OAX1143
UAO,Primero Por Ti,Directed,143,,,3,Ellos nos buscaron,,Intercambio de conocimiento y mejores prácticas,1,No,Sí,Se lograron los objetivos especificados,,OAX1144
SEAC,UAO,Directed,144,,,1,Nosotros los buscamos,,Obtención de recursos monetarios,3,No,No,No se logró conseguir recursos,Falta de resultados esperados,OAX1145
SEAC,UAO,Directed,145,,,2,Nosotros los buscamos,,Intercambio de conocimiento y mejores prácticas,3,No,No,Porque no se realizó el proyecto,Falta de resultados esperados,OAX1146
SUM OAX,UAO,Directed,146,,,5,Alguien más nos conectó,IODEMC,Desarrollo de un proyecto conjunto,5,Sí,Sí,Pues se desarrolló de forma adecuada la organización de CEO Oaxaca.,,OAX1147
UCEPCO,UAO,Directed,147,,,5,Nosotros los buscamos,,Acceso a red de contactos,2,No,Sí,Se genero un esquema de capacitacion que permitio el crecimiento intelectual de nuestros colaboradores,,OAX1148
UAO,El Imparcial,Directed,148,,,4,Ellos nos buscaron,,Acceso a red de contactos,,Sí,Sí,Porque seguimos trabajando juntos,,OAX1149
LoopTalks,ULSA Oaxaca,Directed,149,,,3,Nosotros los buscamos,,Intercambio de conocimiento y mejores prácticas,3,No,Sí,Charlas y una invitación para asesorar a los participantes de su hackaton,,OAX1150
ULSA Oaxaca,Oaxaca Activa,Directed,150,,,3,Ellos nos buscaron,,Intercambio de conocimiento y mejores prácticas,3,No,Sí,Han desarrollado habilidades emprendedores a los jovenes de la Universidad,,OAX1151
ProMéxico,ULSA Oaxaca,Directed,151,,,4,Nosotros los buscamos,,Intercambio de conocimiento y mejores prácticas,3,Sí,Sí,Hemos recibido en las oficinas estudiantes que desempeñan sus prácticas profesionales y servicio social y muchos de hechos han logrado colocarse en empresas que atiende ProMéxico. Se han organizado eventos empresariales en instalaciones de La Salle y hemos impartido importantes ponencias,,OAX1152
CIIE UNCA,UNCA,Directed,152,,,5,Nosotros los buscamos,,Intercambio de conocimiento y mejores prácticas,1,Sí,Sí,La incubadora es parte de la Universidad,,OAX1153
INITED,UNI INADEM,Directed,153,,,4,Nosotros los buscamos,,Intercambio de conocimiento y mejores prácticas,2,Sí,Sí,se ha trabajo en actividades en conjunto en beneficio de la sociedad y la educación.,,OAX1154
UNID,SICADEM,Directed,154,,,5,Ellos nos buscaron,,Intercambio de conocimiento y mejores prácticas,3,Sí,Sí,FUE REFERENTE A CONOCIMIENTOS FOCALIZANDO LA RED DE EMPRESAS LOCALES QUE SE ENCUENTRAN CON PROBLEMAS,,OAX1155
SICADEM,UNID,Directed,155,,,4,Nosotros los buscamos,,Intercambio de conocimiento y mejores prácticas,9,Sí,Sí,El objetivo de adquisición de conocimientos para el mejoramiento de impartición en el tema de gestión de capital humano y desarrollo organizacional.,,OAX1156
COGNITIVO,UNISAN,Directed,156,,,4,Nosotros los buscamos,,Intercambio de conocimiento y mejores prácticas,4,Sí,Sí,"Por que se obtuvieron becas para continuidad de estudios de nuestros docentes, se accedio a esquemas de actualización en herramientas pedagógicas para brindar cursos de manera profesional",,OAX1157
CIDEH-Impulsa,UNIVAS,Directed,157,,,2,Nosotros los buscamos,,Desarrollo de un proyecto conjunto,10,No,No,Desarrollamos actividades con su comunidad pero no se logró el convenio,Falta de resultados esperados,OAX1158
UNPA,DDPR,Directed,158,,,5,Ellos nos buscaron,,Intercambio de conocimiento y mejores prácticas,5,Sí,Sí,Se implementaron talleres a estudiantes con ideas emprendedoras a lo cual resultaron chicos con microempresas que llevaron a cabo y al mismo tiempo quienes decidieron enfocarse al desarrollo de planes de negocio .,,OAX1159
Primero Por Ti,UP,Directed,159,,,4,Nosotros los buscamos,,Intercambio de conocimiento y mejores prácticas,1,No,Sí,Siempre ha sido la universidad que nos ha apoyado en temas de conocimiento,,OAX1160
CIDEH-Impulsa,UPN,Directed,160,,,4,Nosotros los buscamos,,Desarrollo de un proyecto conjunto,2,Sí,Sí,Desarrollamos actividades formativas exitosas con su comunidad,,OAX1161
UTM,FabLab Oax,Directed,161,,,3,Ellos nos buscaron,,Intercambio de conocimiento y mejores prácticas,2,Sí,Sí,Se logró cumplir con el.objetivo de la colaboración,,OAX1162
SICADEM,UTM,Directed,162,,,5,Nosotros los buscamos,,Intercambio de conocimiento y mejores prácticas,6,Sí,Sí,Todos los trabajos que se realizaron estan logrando el resultado esperado y por lo tanto el crecimiento de la incubadora,,OAX1163
Enactus UTM,UTM,Directed,163,,,5,Nosotros los buscamos,,Obtención de recursos en especie,1,No,Sí,Gracias a la Universidad tenemos acceso a toda su infraestructura de laboratorios y talleres; además de asesorías de Profesores-Investigadores.,,OAX1164
Enactus UTM,UTM,Directed,164,,,5,Nosotros los buscamos,,Cobertura mediática,1,No,Sí,La Universidad a través de su página web y redes sociales difunde los resultados de los proyectos del Equipo.,,OAX1165
CIDEH-Impulsa,UTSSO,Directed,165,,,2,Nosotros los buscamos,,Intercambio de conocimiento y mejores prácticas,5,No,No,Desarrollamos actividad pero no se firmó convenio,Falta de resultados esperados,OAX1166
UTSSO,UTSSO,Directed,166,,,5,Nosotros los buscamos,,Cobertura mediática,20,No,Sí,Toman las notas de lo solicitado,,OAX1167
Dir. de Economía del Mpio. de Oaxaca de Juárez,UTVCO,Directed,167,,,5,Nosotros los buscamos,,Desarrollo de un proyecto conjunto,1,Sí,Sí,Se logro la capacitación en innovación y demás temas de interés para emprendimiento de jóvenes con productos agroindustriales y artesanales,,OAX1168
LoopTalks,UTVCO,Directed,168,,,3,Alguien más nos conectó,Miembro de la comunidad,Desarrollo de un proyecto conjunto,2,No,Sí,"En realidad ofrecieron poner en contacto con la incubadora de la Universidad a algunos proyectos compartidos, pero desconozco si ellos lograron formalizarlos",,OAX1169
UTVCO,IINOVACAFÉ,Directed,169,,,4,Ellos nos buscaron,,Intercambio de conocimiento y mejores prácticas,2,No,Sí,PORQUE HAN HABIDO TALLERES PARA IMPARTIR CONOCIMIENTO A JÓVENES,,OAX1170
CIIE ITVE,UTVCO,Directed,170,,,4,Nosotros los buscamos,,Intercambio de conocimiento y mejores prácticas,1,No,Sí,compartimos conocimiento y certificaciones,,OAX1171
COGNITIVO,UTVCO,Directed,171,,,5,Nosotros los buscamos,,Desarrollo de un proyecto conjunto,1,Sí,Sí,"COGNITIVO figura como órgano institucional de la Universidad Tecnológica de los Valles Centrales de Oaxaca, siendo de sus principales relaciones colaborativas, además de la coexistencia, brindar mejor servicio especializado y sumativo a su red de emprendedores.",,OAX1172
UTVCO,ProMéxico,Directed,172,,,3,Ellos nos buscaron,,Intercambio de conocimiento y mejores prácticas,2,No,Sí,ProMéxico Oaxaca ha participado en ponencias dirigidas a estudiantes de carreras afines a negocios,,OAX1173
ITISTMO,Canal 10 TV,Directed,173,,,3,Nosotros los buscamos,,Cobertura mediática,4,No,Sí,Cuando se les ha requerido han coberturado las diversas actividades que ha hecho la institutición,,OAX1174
CEC-IPN Oaxaca,CORTV,Directed,174,,,4,Nosotros los buscamos,,Cobertura mediática,2,No,Sí,Por que hay constante difusión de los eventos de emprendurismo del CEC Oaxaca,,OAX1175
COGNITIVO,CORTV,Directed,175,,,5,Nosotros los buscamos,,Desarrollo de un proyecto conjunto,6,Sí,Sí,"Se desarrolló un programa en co-producción (UTVCO-CORTV) denominado ""Emprendedores"", del cual derivaron 8 capitulos y se transmitieron por el Canal 9.1 HD CORTV, Cable 151.
 
 Los capitulos los puedes sintonizar todos los martes a las 20:30 hrs, repetición: miércoles 12:00 horas, jueves a las 16:30 horas y domingo a las 11:00 horas.
 Emprendedores es un programa formativo en el que dos ideas emprendedoras se desarrollan con la asesoría del Centro de Inovación y Desarrollo de Negocios de la Universidad Tecnológica de los Valles Centrales de Oaxaca. 
 Cada capítulo nos presenta los pasos a seguir de Marycruz, José y Víctor para desarrollar y fortalecer su idea de negocio. Este proyecto es una Coproducción con la Corporación Oaxaqueña de Radio y Televisión y la universidad",,OAX1176
Instituto UNIVITA,CORTV,Directed,176,,,1,Nosotros los buscamos,,Acceso a red de contactos,1,No,Sí,Se realizó un spot,,OAX1177
Primero Por Ti,CORTV,Directed,177,,,4,Nosotros los buscamos,,Obtención de recursos en especie,1,No,Sí,Aún nos apoyan con difusión de los trabajos realizados en Oaxaca,,OAX1178
CORTV,UTVCO,Directed,178,,,5,Ellos nos buscaron,,Cobertura mediática,1,Sí,Sí,"Por el acercamiento constante entre la Universidad y el Canal, para la difusión de diversas actividades.",,OAX1179
Primero Por Ti,El Imparcial,Directed,179,,,4,Nosotros los buscamos,,Obtención de recursos en especie,1,No,Sí,Aún colaboran con los proyectos de la institución,,OAX1180
SUM OAX,El Imparcial,Directed,180,,,5,Nosotros los buscamos,,Desarrollo de un proyecto conjunto,6,Sí,Sí,"Se implementó el ejemplar de red emprendor, de periodismo para la soxie oaxaqueña",,OAX1181
ForoTV,Enactus UTM,Directed,181,,,2,Ellos nos buscaron,,Cobertura mediática,1,No,Sí,Se realizó un reportaje especial acerca de uno de los proyectos ecológicos del Equipo.,,OAX1182
CEC-IPN Oaxaca,Gaceta Politécnica,Directed,182,,,5,Nosotros los buscamos,,Cobertura mediática,2,No,Sí,Por la difusión de los eventos realizados a toda la comunidad politécnica.,,OAX1183
SICADEM,La Grandiosa Huajuapan,Directed,183,,,5,Alguien más nos conectó,"Cofradia Oaxaqueña para el Desarrollo Social, A.C (Cofradia A.C.)",Cobertura mediática,3,Sí,Sí,"Se presento una serie de anuncios promoviendo la incubadora en intermedios de sus programas 
 y el espacio de la presentación de lo que era la incubadora logrando nuevos clientes.",,OAX1184
Milenio TV,Enactus UTM,Directed,184,,,3,Ellos nos buscaron,,Cobertura mediática,1,No,Sí,Porque nos ayudo a difundir nuestro proyecto,,OAX1185
COGNITIVO,Noticias,Directed,185,,,5,Nosotros los buscamos,,Cobertura mediática,4,No,Sí,"Por que este periódico nos abrió la posibilidad de compartir conocimientos, logros y beneficios a la sociedad en general al permitirnos acceder a su plataforma de difusión estatal y llegar a muchas más personas con el tema del emprendimiento responsable, inclusivo y sostenible",,OAX1186
Primero Por Ti,Noticias,Directed,186,,,4,Nosotros los buscamos,,Obtención de recursos en especie,1,No,Sí,Aún trabajamos juntos,,OAX1187
Noticias,UABJO,Directed,187,,,4,Ellos nos buscaron,,Cobertura mediática,2,No,Sí,Se proporcionó la difusión,,OAX1188
DDPR,ORP,Directed,188,,,5,Nosotros los buscamos,,Acceso a red de contactos,4,Sí,Sí,"Los necesitamos para darnos a conocer, difundir nuestro trabajo y llegar a más audiencia en la region",,OAX1189
PrensaDigital,IINOVACAFÉ,Directed,189,,,5,Ellos nos buscaron,,Cobertura mediática,1,No,Sí,PORQUE ESTÁN AL TANTO SOBRE LO QUE IINOVACAFÉ HACE POR LAS COMUNIDADES,,OAX1190
CEC-IPN Oaxaca,Quadratín,Directed,190,,,5,Nosotros los buscamos,,Cobertura mediática,1,No,Sí,Porque siempre existe difusión de las actividades realizadas por el CEC Unidad Oaxaca relacionadas al tema de emprendurismo.,,OAX1191
COGNITIVO,RedNoticias,Directed,191,,,5,Alguien más nos conectó,PEDADI,Acceso a red de contactos,2,No,Sí,"Por que este portal de noticias por internet cubria notas de nuestros emprendedores, difundiendo su trabajo y sus resultados sirviendo de inspiración para que otras personas emprendieran desde una conciencia de inclusión, innovación, responsabilidad y compromiso",,OAX1192
COGNITIVO,Sucedió en Oax,Directed,192,,,4,Nosotros los buscamos,,Cobertura mediática,2,No,Sí,Este portal de noticias por internet se volvió un aliado importante en compartir el quehacer de la incubadora de empresas y de todo el trabajo de la UTVCO,,OAX1193
Oaxaca Activa,TV por Internet,Directed,193,,,3,Nosotros los buscamos,,Intercambio de conocimiento y mejores prácticas,1,No,Sí,Se logro dar los cursos en línea,,OAX1194
TV por Internet,TV por Internet,Directed,194,,,5,Nosotros los buscamos,,Desarrollo de un proyecto conjunto,1,Sí,Sí,Se creo la empresa pionera en transmisiones de TV por internet desde 2009,,OAX1195
ITESM OAX,El Imparcial,Directed,195,,,3,Nosotros los buscamos,,Obtención de recursos en especie,3,No,Sí,Promoción de nuestros programas de becas para emprendedores,,OAX1196
CEC-IPN Oaxaca,CANACINTRA,Directed,196,,,4,Nosotros los buscamos,,Acceso a red de contactos,3,No,Sí,Se generó una mejor relación profesional con los miembros de la propia cámara.,,OAX1197
CANACINTRA,COGNITIVO,Directed,197,,,5,Ellos nos buscaron,,Intercambio de conocimiento y mejores prácticas,2,Sí,Sí,"Al ser una cámara empresarial con relación estrecha a nuestro público objetivo nos permite intervenir con su gremio a través de proyectos de investigación, capacitaciones, consultorías, desarrollo y participación de eventos empresariales, en beneficio de nuestros emprendedores y aliados",,OAX1198
ITISTMO,CANACINTRA,Directed,198,,,3,Nosotros los buscamos,,Desarrollo de un proyecto conjunto,5,Sí,Sí,Porque se han hecho actividades de vinculación en la región del istmo orientadas a apoyar tanto a los emprendedores como a los empresarios,,OAX1199
UABJO,CANACINTRA,Directed,199,,,4,Nosotros los buscamos,,Acceso a red de contactos,2,No,Sí,Nos suministraron información,,OAX1200
UCEPCO,CANACINTRA,Directed,200,,,1,Nosotros los buscamos,,Acceso a red de contactos,2,No,No,Falta de seguimiento,Falta de seguimiento,OAX1201
UTVCO,CANACINTRA,Directed,201,,,4,Nosotros los buscamos,,Desarrollo de un proyecto conjunto,3,Sí,Sí,Por que se han realizado diversos proyectos en beneficio de ambos,,OAX1202
CANACINTRA,ProMéxico,Directed,202,,,4,Ellos nos buscaron,,Cobertura mediática,2,No,Sí,Hemos participado como asesores del organismo y hemos obtenido promoción de la cartera de apoyos y servicios con la red de empresarios de Oaxaca,,OAX1203
CEC-IPN Oaxaca,CANACO,Directed,203,,,4,Nosotros los buscamos,,Acceso a red de contactos,1,No,Sí,Se mejoró al relación para futuras vinculaciones con emprendedores.,,OAX1204
COGNITIVO,CANACO,Directed,204,,,5,Nosotros los buscamos,,Intercambio de conocimiento y mejores prácticas,4,Sí,Sí,"Por que apoyan como mentores en nuestros eventos de emprendimiento y por que nos incluyen en sus actividades que desarrollan como cámara, nos informan de programas de apoyo para nuestro círculo de emprendedores",,OAX1205
CANACO,SICADEM,Directed,205,,,4,Ellos nos buscaron,,Desarrollo de un proyecto conjunto,4,No,Sí,SE REALIZO UNA COLABORACIÓN DE UN ESTUDIO DE MERCADO PARA CONOCER EL IMPACTO LOCAL RESPECTO A LAS EMPRESAS COMO SE ENCUENTRAN EN CONOCIMIENTOS DE LA CULTURA EMPRESARIAL,,OAX1206
CANACO Huajuapan,DDPR,Directed,206,,,5,Ellos nos buscaron,,Obtención de recursos en especie,5,No,No,Se hizo una prueba de 5 personas. De 60 que queríamos vincular. Pero no acordamos bien la entrega recepción de los apoyos debido a que necesariamente debía existir intermediarios.,Esquema mal definido,OAX1207
CANACO Salina Cruz,ITSAL,Directed,207,,,4,Ellos nos buscaron,,Intercambio de conocimiento y mejores prácticas,3,Sí,Sí,se logro el objetivo de capacitar a 6 empresas,,OAX1208
DDPR,CANACO Tuxtepec,Directed,208,,,5,Nosotros los buscamos,,Acceso a red de contactos,3,Sí,Sí,Nosotros brindamos capacitaciones y ellos ponían las instalaciones. Nos permitió que bajo su respaldo logramos tener contacto con microempresas para dar impulso a sus negocios y vincularlos de acuerdo a sus necesidades,,OAX1209
CANACOPE SERVYTUR OAXACA,COGNITIVO,Directed,209,,,4,Ellos nos buscaron,,Desarrollo de un proyecto conjunto,4,Sí,Sí,"Por que se otorgó a los afiliados un programa de capacitación para su reinserción comercial, además los comeciantes y empresarios afiliados a la cámara retroalimentan el trabajo que desarrolla la incubadora",,OAX1210
UTVCO,CANIRAC,Directed,210,,,5,Nosotros los buscamos,,Desarrollo de un proyecto conjunto,2,Sí,Sí,"Se han realizado proyectos en beneficio de la institución, alumnos y empresas afiliadas",,OAX1211
CANIRAC,Enactus UTM,Directed,211,,,4,Ellos nos buscaron,,Desarrollo de un proyecto conjunto,2,Sí,Sí,"Establecimos una logística y un acuerdo de colaboración para el desarrollo de uno de los proyectos del Equipo Enactus, que les va a ayudar a enfrentar un problema ambiental y posibles sanciones futuras.",,OAX1212
CEIT,ITISTMO,Directed,212,,,1,Ellos nos buscaron,,Desarrollo de un proyecto conjunto,5,No,No,Porque se intentaron hacer varias actividades pero no se lograron concretar,Falta de resultados esperados,OAX1213
UCEPCO,CEPCO,Directed,213,,,5,Nosotros los buscamos,,Acceso a red de contactos,1,Sí,Sí,Se pudo llegar a comunidades de poca atencion por los intermediarios financieros,,OAX1214
CGUTyP,UTVCO,Directed,214,,,5,Ellos nos buscaron,,Acceso a red de contactos,1,Sí,Sí,Por que se concretaron los objetivos establecidos por la Coordinación,,OAX1215
Dir. Clústers de la SE OAX,Clúster Café,Directed,215,,,5,Nosotros los buscamos,,Desarrollo de un proyecto conjunto,1,No,Sí,Integración de toda la cadena de valor mas Academia y Gobierno,,OAX1216
Clúster Café,IINOVACAFÉ,Directed,216,,,3,Ellos nos buscaron,,Desarrollo de un proyecto conjunto,4,Sí,No,PORQUE NO SUELEN ACOMPAÑAR DE MANERA PUNTUAL LOS TIEMPOS QUE EL CAMPO EXIGE,Objetivos/intereses no alineados,OAX1217
UTVCO,Clúster Café,Directed,217,,,4,Nosotros los buscamos,,Desarrollo de un proyecto conjunto,4,No,Sí,Por que se lograron trabajos colaborativos,,OAX1218
Dir. Clústers de la SE OAX,Clúster de Energía,Directed,218,,,5,Nosotros los buscamos,,Desarrollo de un proyecto conjunto,1,No,Sí,"Foro de oportunidades de inversión en el sector Energético
 Lanzamiento del Clúster por parte del Gobernador Semana Energetica
 Convenio con el Clúster de Cohauila
 Acciones para generar competitividad en el sector",,OAX1219
ITSAL,Clúster ZEE,Directed,219,,,4,Nosotros los buscamos,,Desarrollo de un proyecto conjunto,3,Sí,Sí,Porque pertenecemos a este grupo de vinculación teniendo reuniones de trabajo para contribuir a un proyecto en común.,,OAX1220
CIIE ITP,CONCAMIN,Directed,220,,,4,Nosotros los buscamos,,Intercambio de conocimiento y mejores prácticas,1,Sí,Sí,A través de becas otorgadas por el programa de células de innovación,,OAX1221
Consejo de Agroindustriales,COGNITIVO,Directed,221,,,3,Ellos nos buscaron,,Desarrollo de un proyecto conjunto,3,Sí,No,a falta de tiempo de los representantes de la A.C. les fue imposible asistir a un proceso formativo empresarial,Esquema mal definido,OAX1222
Jóvenes COPARMEX,COPARMEX,Directed,222,,,4,Nosotros los buscamos,,Intercambio de conocimiento y mejores prácticas,8,No,Sí,Se logro crear la comisión,,OAX1223
CIIE ITVE,COPARMEX,Directed,223,,,3,Nosotros los buscamos,,Acceso a red de contactos,3,No,Sí,compartimos puntos de vista y nececidades,,OAX1224
COGNITIVO,COPARMEX,Directed,224,,,5,Nosotros los buscamos,,Intercambio de conocimiento y mejores prácticas,3,Sí,Sí,"COPARMEX ha sido un elemento que nos retroalimenta y vincula con el sector empresarial para conocer sus necesidades y desafios y poder así, generar programas, proyectos y actividades estratégicas que abonen a la búsqueda de soluciones a traves de capacitación, consultoría e intervenciones empresariales y tecnológicas",,OAX1225
FabLab Oax,COPARMEX,Directed,225,,,1,Nosotros los buscamos,,Desarrollo de un proyecto conjunto,2,No,No se logró colaborar,Sus objetivos no se alinean con los de la organización,Objetivos/intereses no alineados,OAX1226
UABJO,COPARMEX,Directed,226,,,2,Nosotros los buscamos,,Desarrollo de un proyecto conjunto,7,No,No,No se logra identificar objetivos comunes,Objetivos/intereses no alineados,OAX1227
COPARMEX,UTVCO,Directed,227,,,4,Ellos nos buscaron,,Acceso a red de contactos,3,Sí,Sí,Por los proyectos de colaboración en conjunto que se tienen estasblecidos,,OAX1228
ProMéxico,CRM,Directed,228,,,4,Nosotros los buscamos,,Intercambio de conocimiento y mejores prácticas,3,Sí,Sí,"Hemos gestionado apoyo concreto para la promoción de la categoría mezcal a nivel internacional, y hemos organizado encuentros de negocio en conjunto",,OAX1229
Dir. Clústers de la SE OAX,Disruptech IT,Directed,229,,,5,Nosotros los buscamos,,Desarrollo de un proyecto conjunto,1,No,Sí,Proyectos estratégico para incorporación las TIC´s al sector Turismo,,OAX1230
LoopTalks,Disruptech IT,Directed,230,,,1,Nosotros los buscamos,,Acceso a red de contactos,1,No,No se logró colaborar,"Estamos buscando espacios y contactos, financiamiento... En realidad apenas estamos buscando como podemos apoyar los proyectos... No es algo formal aún",Otro,OAX1231
SEAC,Disruptech IT,Directed,231,,,2,Alguien más nos conectó,TV por Internet,Obtención de recursos monetarios,1,Sí,No,No se han logrado obtener recursos,Falta de resultados esperados,OAX1232
TV por Internet,Disruptech IT,Directed,232,,,5,Nosotros los buscamos,,Desarrollo de un proyecto conjunto,1,Sí,Sí,"Se creo el CLuster, trabajamos en proyectos conjuntos",,OAX1233
UTVCO,EEO,Directed,233,,,3,Nosotros los buscamos,,Acceso a red de contactos,2,Sí,Sí,"Ha habido buena relación con ellos, ha existido beneficios mutuos",,OAX1234
Enactus México,Enactus UTM,Directed,234,,,4,Ellos nos buscaron,,Cobertura mediática,1,Sí,Sí,Porque ha dado seguimiento y difusión de nuestros proyectos y logros,,OAX1235
Enactus Worldwide,Enactus UTM,Directed,235,,,5,Ellos nos buscaron,,Cobertura mediática,1,No,Sí,"Como parte de las actividades de la organización Enactus, ellos han difundido los resultados de nuestros proyectos a nivel internacional.",,OAX1236
MIT EF México,COGNITIVO,Directed,236,,,5,Ellos nos buscaron,,Desarrollo de un proyecto conjunto,4,Sí,Sí,Por que se participó de manera conjunta en la convocatoria 2.6 del INADEM y el proyecto al ser autorizado recibió el folio FNE-170508-C3-1-000006323 con título “Estudio de dinámica social entre los actores del ecosistema emprendedor científico y tecnológico de alto impacto en Oaxaca”,,OAX1237
MIT EF México,UTVCO,Directed,237,,,5,Ellos nos buscaron,,Desarrollo de un proyecto conjunto,5,Sí,Sí,Por que se comparten conocimientos y metodologías para la investigación en temas investigación y emprendimiento,,OAX1238
Enactus UTM,MIT EF México,Directed,238,,,4,Alguien más nos conectó,INADEM,Intercambio de conocimiento y mejores prácticas,1,Sí,Sí,Porque recibimos capacitación sobre como interactuar con otras organizaciones y como aprovechar tecnologías simples que nos ayuden a mejorar nuestros proyectos,,OAX1239
Disruptech IT,mxTI,Directed,239,,,4,Nosotros los buscamos,,Acceso a red de contactos,4,No,Sí,por que nos integramos al mismo consejo,,OAX1240
INITED,REDIPE,Directed,240,,,4,Nosotros los buscamos,,Acceso a red de contactos,3,No,Sí,Para acceder a nuevos materiales didácticos de innovación y tecnología.,,OAX1241
CEC-IPN Oaxaca,UTVCO,Directed,241,,,5,,,Clave para Establecimiento,,,,Por la experiencia por parte de ellos dentro del propio ecosistema y la invitación a participar.,,OAXA100
CIDEH-Impulsa,IODEMC,Directed,242,,,5,,,Clave para Establecimiento,,,,Formamos parte de la red de aliados,,OAXA101
CIDES,IODEMC,Directed,243,,,5,,,Clave para Establecimiento,,,,platicas y capacitaciones acertadas que nos comentaron acerca de todos los proyectos que se pueden realizar.,,OAXA102
CIIE ITP,TECNM,Directed,244,,,5,,,Clave para Establecimiento,,,,Por el modelo de incubación que desarrollo,,OAXA103
CIIE ITTL,SE,Directed,245,,,5,,,Clave para Establecimiento,,,,porque emitieron una convocatoria a nivel nacional para la creación de incubadoras; por la transferencia de conocimiento,,OAXA104
CIIE ITTL,TECNM,Directed,246,,,5,,,Clave para Establecimiento,,,,,,OAXA105
CIIE ITVE,TECNM,Directed,247,,,5,,,Clave para Establecimiento,,,,por política publica,,OAXA106
CIIE UNCA,IODEMC,Directed,248,,,5,,,Clave para Establecimiento,,,,Gracias a un taller de emprendimiento surgió el interés de constituir una incubadora en la región de la Cañada,,OAXA107
Clúster de Energía,SE,Directed,249,,,5,,,Clave para Establecimiento,,,,,,OAXA108
COGNITIVO,CGUTyP,Directed,250,,,5,,,Clave para Establecimiento,,,,"Por que promovieron los recursos económicos, humanos y la gestión para la fundación de la Incubadora en el año 2010",,OAXA109
DDPR,INADEM,Directed,251,,,5,,,Clave para Establecimiento,,,,Sus convocatorias nos permitió conectar con los primeros incubados lo cual nos permitió que a través de las herramientas que nos ofrece los ayudamos a dar el siguiente paso.,,OAXA110
Dir. Clústers de la SE OAX,Gob. de OAX,Directed,252,,,5,,,Clave para Establecimiento,,,,"- Genera esquemas de asociatividad para las vocaciones productivas mas importantes para el Estado 
- Permite políticas que integren la Academia - Gobierno y Empresas",,OAXA111
Disruptech IT,mxTI,Directed,253,,,5,,,Clave para Establecimiento,,,,por el Apoyo que dio a las actividades locales del Cluster así como las vinculaciones con organismos federales,,OAXA112
Enactus UTM,Enactus México,Directed,254,,,5,,,Clave para Establecimiento,,,,"Por que Enactus México es parte de la Organización Internacional no lucrativa Enactus Worldwide que articula equipos multidisciplinarios de estudiantes en las Universidades de más de 36 países. Con estos se une a la academia, a la empresa y a las comunidades a través de proyectos productivos sustentables.",,OAXA113
FabLab Oax,IODEMC,Directed,255,,,5,,,Clave para Establecimiento,,,,Contacto con otras organizaciones,,OAXA114
FND,UTVCO,Directed,256,,,5,,,Clave para Establecimiento,,,,Por invitación,,OAXA115
IODEMC,Gob. de OAX,Directed,257,,,5,,,Clave para Establecimiento,,,,Fue por iniciativa de la nueva administración del Gobierno del Estado que se toma la decisión de crear el IODEMC para atender la problemática del cierre prematuro de empresas por falta de acompañamiento en el proceso de planeación del negocio.,,OAXA116
ITESM OAX,Gob. de OAX,Directed,258,,,5,,,Clave para Establecimiento,,,,Por los permisos e invitación a colaborar en Oaxaca.,,OAXA117
Jóvenes COPARMEX,COPARMEX,Directed,259,,,5,,,Clave para Establecimiento,,,,"Coparmex en otros estados ya esta implementado bases para impulsar nuevos emprendedores, es por esta razón que se tuvo la interacción para crear esta comisión",,OAXA118
LoopTalks,UAG,Directed,260,,,5,,,Clave para Establecimiento,,,,"Ejemplo de compartir, conocimiento, presta el lugar e infraestructura para las charlas",,OAXA119
Oaxaca Activa,INADEM,Directed,261,,,5,,,Clave para Establecimiento,,,,Porque se obtuvo un reconocimiento federal,,OAXA120
PEDADI,COGNITIVO,Directed,262,,,5,,,Clave para Establecimiento,,,,"GRACIAS A LA ASESORIA DE LA INCUBADORA COGNITIVO DE LA UTVCO, EL INSTITUTO PEDADI PUDO ESTRUCTURARSE COMO PROMOTOR DEL ECOSISTEMA EMPRENDEDOR EN EDADES TEMPRANAS.",,OAXA121
SEAC,TV por Internet,Directed,263,,,5,,,Clave para Establecimiento,,,,Vinculación con actores,,OAXA122
SICADEM,IODEMC,Directed,264,,,5,,,Clave para Establecimiento,,,,Porque se tuvo acceso a conocer la red de incubadoras y las personas que están en la etapa de incubación les otorguen becas referentes al trabajo que estamos proporcionando.,,OAXA123
SUM OAX,Impact Hub OAX,Directed,265,,,5,,,Clave para Establecimiento,,,,Pues dio pie a realizar las vinculaciones necesarias y traer la franquicia a Oaxaca.,,OAXA124
UABJO,Gob. de OAX,Directed,266,,,5,,,Clave para Establecimiento,,,,Articular,,OAXA125
UABJO,GOB.MX,Directed,267,,,5,,,Clave para Establecimiento,,,,El papel fundamental de la universidad es la generacion de capital humano para su incorporacion a la actividad  productiva en los diferentes sectores de la economia,,OAXA126
UABJO,SEP,Directed,268,,,5,,,Clave para Establecimiento,,,,,,OAXA127
UCEPCO,CEPCO,Directed,269,,,5,,,Clave para Establecimiento,,,,Vinculo a las personas que necesitaban de financiamiento para impulsar sus proyectos,,OAXA128
UTVCO,SEP,Directed,270,,,5,,,Clave para Establecimiento,,,,"Es el vínculo principal ya que su función es la formación de capital humano, formación de conocimiento y vinculación con el mercado Laboral",,OAXA129
CEC-IPN Oaxaca,UPCDE,Directed,271,,,5,,,Clave para Crecimiento,,,,"A través de los seminarios de ingeniero emprendedor y de exportación de productos MIPYMES, impartidos por especialistas del IPN. Se tiene un impacto directo en los emprendedores y especialistas que están tomando dichos cursos.",,OAXB100
CIDES,IODEMC,Directed,272,,,5,,,Clave para Crecimiento,,,,por que nos han brindado la información adecuada y sobre todo nos han orientado en los procesos a seguir.,,OAXB101
CIIE ITP,IODEMC,Directed,273,,,5,,,Clave para Crecimiento,,,,Por los diversos programas de fomento que está elaborando y fomentando para el desarrollo de las incubadoras en Oaxaca,,OAXB102
CIIE ITTL,IODEMC,Directed,274,,,5,,,Clave para Crecimiento,,,,,,OAXB103
CIIE ITTL,SE,Directed,275,,,5,,,Clave para Crecimiento,,,,,,OAXB104
CIIE ITTL,TECNM,Directed,276,,,5,,,Clave para Crecimiento,,,,"Por la promoción, capacitación y entrenamiento de metodologias para fomentar la cultura emprendedora y el desarrollo de emprendedores",,OAXB105
CIIE ITVE,IODEMC,Directed,277,,,5,,,Clave para Crecimiento,,,,por que ayuda financiera mente a los emprendedores,,OAXB106
CIIE TEC-ISTMO,IODEMC,Directed,278,,,5,,,Clave para Crecimiento,,,,"Porque motivan, dan herramientas, realizan eventos y  dan seguimiento a las actividades. Se preocupan y atienden el ecosistema",,OAXB107
CIIE TEC-ISTMO,Red de Incubadoras TecNM,Directed,279,,,5,,,Clave para Crecimiento,,,,,,OAXB108
CIIE TEC-ISTMO,SE,Directed,280,,,5,,,Clave para Crecimiento,,,,,,OAXB109
CIIE UNCA,IODEMC,Directed,281,,,5,,,Clave para Crecimiento,,,,Gracias a sus talleres y convocatorias han generado el interés de los jóvenes de emprender y no solo tener la visión de incorporarse al entorno laboral como empleado.,,OAXB110
Clúster de Energía,SE,Directed,282,,,5,,,Clave para Crecimiento,,,,,,OAXB111
Clúster de Energía,UNISTMO,Directed,283,,,5,,,Clave para Crecimiento,,,,,,OAXB112
Clúster de Energía,UTVCO,Directed,284,,,5,,,Clave para Crecimiento,,,,"INTERCAMBIO DE CONOCIMIENTO, CAPACITACION DEL RECURSO HUMANO, IMPULSO A TALENTO LOCAL, IMPLEMENTACION DE NUEVAS TECNOLOGIAS PARA EL SEGUIMIENTO Y DESARROLLO DE PROCESOS MAS EFECTIVOS EN LA ADMINISTRACION PUBLICO - PRIVADO.",,OAXB113
COGNITIVO,INADEM,Directed,285,,,5,,,Clave para Crecimiento,,,,Por que siendo secretaria de economía nos otorgó financiamiento para otorgar procesos de incubación empresarial en el año 2011 y 2012,,OAXB114
DDPR,IODEMC,Directed,286,,,5,,,Clave para Crecimiento,,,,"A través de su red de aliados debidamente registrados no sólo llegamos a personas de nuestro municipio. Si no que también  emprendedores de otros municipios del estado podían contactarnos y hacer vinculación con nosotros. Cuestión que no se hubiera logrado sin la red de aliados del Iodemc , publicada en su página web.",,OAXB115
Dir. Clústers de la SE OAX,INADEM,Directed,287,,,5,,,Clave para Crecimiento,,,,Principal fuente de financiamiento para proyectos productivos,,OAXB116
Disruptech IT,Gob. de OAX,Directed,288,,,5,,,Clave para Crecimiento,,,,Por el apoyo  para la consolidación del Cluster en el estado de Oaxaca,,OAXB117
Disruptech IT,SE,Directed,289,,,5,,,Clave para Crecimiento,,,,,,OAXB118
Enactus UTM,UTM,Directed,290,,,5,,,Clave para Crecimiento,,,,"Por la reputación que tiene en el Estado como Institución educativa, de generación de conocimiento y de promoción del desarrollo.",,OAXB119
FabLab Oax,IODEMC,Directed,291,,,5,,,Clave para Crecimiento,,,,Contacto con otras organizaciones y difusion del trabajo,,OAXB120
FND,FINDECA,Directed,292,,,5,,,Clave para Crecimiento,,,,por ser una empresa dispersora de recursos financieros y de acompañamiento técnico y de mercado,,OAXB121
Instituto UNIVITA,IODEMC,Directed,293,,,5,,,Clave para Crecimiento,,,,Por la vinculación con emprendedores,,OAXB122
IODEMC,FundaciónTelevisa,Directed,294,,,5,,,Clave para Crecimiento,,,,,,OAXB123
IODEMC,MIT EF México,Directed,295,,,5,,,Clave para Crecimiento,,,,,,OAXB124
IODEMC,PSM,Directed,296,,,5,,,Clave para Crecimiento,,,,Nos han permitido multiplicar el impacto de la inversión pública que hace el IODEMC mediante coinversión en proyectos específicos.,,OAXB125
LoopTalks,oaxaca.rb,Directed,297,,,5,,,Clave para Crecimiento,,,,,,OAXB126
LoopTalks,UABJO,Directed,298,,,5,,,Clave para Crecimiento,,,,,,OAXB127
LoopTalks,ULSA Oaxaca,Directed,299,,,5,,,Clave para Crecimiento,,,,,,OAXB128
LoopTalks,UTVCO,Directed,300,,,5,,,Clave para Crecimiento,,,,Colaboración a título personal o institucional,,OAXB129
Oaxaca Activa,IODEMC,Directed,301,,,5,,,Clave para Crecimiento,,,,Por la vinculación de emprendedores,,OAXB130
PEDADI,COGNITIVO,Directed,302,,,5,,,Clave para Crecimiento,,,,"LA INCUBADORA DE NEGOCIOS COGNITIVO DE LA UTVCO, HA SIDO CLAVE EN EL DESARROLLO DEL INSTITUTO PEDADI DEBIDO A QUE ES GESTORA DE UN ECOSISTEMA EMPRENDEDOR MUY AMPLIO Y DIVERSO, INTEGRADO POR INSTANCIAS PUBLICAS Y PRIVADAS, QUE DE IGUAL FORMA SON CLAVE EN EL PROCESO DE CRECIMIENTO DE UNA PYME. TAL ES EL CASO DE LOS LAZOS DE COLABORACION QUE SE ESTABLECIERON MEDIANTE LA INTERVENCION DE LA UTVCO CON EL INADEM, IODEMC, MUNICIPIO DE OAXACA DE JUAREZ, MUNICIPIO DE SANTA LUCIA DEL CAMINO, ESCUELAS PUBLICAS Y PRIVADAS DE LA ZONA ESCOLAR 063 DEL IEEPO, SUBSECRETARIA DE ECONOMIA DEL ESTADO DE OAXACA, COMERCIO INTERNACIONAL MEXICANO S.A. DE C.V., ENTRE OTRAS.",,OAXB131
SEAC,SE,Directed,303,,,5,,,Clave para Crecimiento,,,,Vinculación con actores,,OAXB132
SICADEM,UTM,Directed,304,,,5,,,Clave para Crecimiento,,,,"Se realizo la vinculación para que los alumnos de UTM realicen las prácticas y servicio con el objetivo del tema tecnológico, con los conocimientos de ellos se realizan capacitaciones y talleres por ejemplo de marketing digital, también se vincula que el servicio de los chicos consiste en elaborar página web y mantenimiento del sistema con el que contamos para mejorar el sistema que tenemos.",,OAXB133
SUM OAX,SUM,Directed,305,,,5,,,Clave para Crecimiento,,,,"Pues genera metodología pensada en proyectos de alto impacto y de base tecnológica, proyectos que tienen acceso a una red de mentores a nivel nacional.",,OAXB134
UABJO,Gob. de OAX,Directed,306,,,5,,,Clave para Crecimiento,,,,,,OAXB135
UABJO,GOB.MX,Directed,307,,,5,,,Clave para Crecimiento,,,,"Es el principal vunculador con la sociedad civil, en vista que los proyectos de las diferentes secretaria son los medios para la participacion con la sociedad",,OAXB136
UCEPCO,FIRA,Directed,308,,,5,,,Clave para Crecimiento,,,,Genero el conocimiento necesario para entrar a nuevos sectores como lo son el agricola,,OAXB137
UTVCO,CGUTyP,Directed,309,,,5,,,Clave para Crecimiento,,,,Por  los criterios de pertinencia de los programas educativos,,OAXB138
Gob. de OAX,ProMéxico,Directed,310,,,1,,,Conector,,,,,,OAXC101
Gob. de OAX,COCITEI,Directed,311,,,1,,,Conector,,,,,,OAXC102
TV por Internet,SEAC,Directed,312,,,1,,,Conector,,,,,,OAXC103
TV por Internet,SE,Directed,313,,,1,,,Conector,,,,,,OAXC104
TV por Internet,SEAC,Directed,314,,,1,,,Conector,,,,,,OAXC105
TV por Internet,Disruptech IT,Directed,315,,,1,,,Conector,,,,,,OAXC106
INADEM,IODEMC,Directed,316,,,1,,,Conector,,,,,,OAXC107
INADEM,FundaciónTelevisa,Directed,317,,,1,,,Conector,,,,,,OAXC108
IODEMC,SUM OAX,Directed,318,,,1,,,Conector,,,,,,OAXC109
IODEMC,UAO,Directed,319,,,1,,,Conector,,,,,,OAXC110
PEDADI,COGNITIVO,Directed,320,,,1,,,Conector,,,,,,OAXC111
PEDADI,RedNoticias,Directed,321,,,1,,,Conector,,,,,,OAXC112
Cursolab,COGNITIVO,Directed,322,,,1,,,Conector,,,,,,OAXC113
Cursolab,IDEADORES,Directed,323,,,1,,,Conector,,,,,,OAXC114
INADEM,Enactus UTM,Directed,324,,,1,,,Conector,,,,,,OAXC115
INADEM,MIT EF México,Directed,325,,,1,,,Conector,,,,,,OAXC116
