Id,Label,timeset,full name,type,url,organization type,description,part of a university,location,tags,ego,mentions,avg strength,weight,id dir,modularity_class,clustering,indegree,outdegree,Degree,weighted indegree,weighted outdegree,Weighted Degree,Eccentricity,closnesscentrality,harmonicclosnesscentrality,betweenesscentrality,Authority,Hub,pageranks,componentnumber,triangles,eigencentrality
3IE UTFSM,3IE UTFSM,,3IE UTFSM,Habilitador,http://www.3ie.cl/,Incubadora/Aceleradora,Incubadora de empresas anclada a universidad,UTFSM,Valparaíso,||,0,1,3,0.6,SCL001,1,0,1,0,1,3,0,3,5,0.292609,0.31134,0,0.011052,0.011051,0.001659,0,0,0.021806
Acafi,Acafi,,Acafi (Asociación Chilena de Administradoras de Fondos de Inversión),Vinculador,http://www.acafi.cl/,Cámara empresarial,"Asociación que reúne a empresas del sector financiero, específicamente a los fondos de inversión",No,Santiago,||,0,2,3,1.2,SCL004,1,0,2,0,2,6,0,6,5,0.307448,0.332131,12.728335,0.024782,0.02478,0.002391,0,0,0.045793
Acción Emprendedora,Acción Emprendedora,,Acción Emprendedora,Habilitador,https://www.accionemprendedora.org/,Asociación civil especializada en emprendimiento,Asociación orientada en brindar consultoría para el fortalecimiento de pequeños emprendimientos,No,Santiago,||,0,2,3.5,1.4,SCL005,7,0,1,1,2,3,4,7,4,0.327703,0.353093,13.651373,0.030118,0.030117,0.002269,0,0,0.05723
Acerca Redes,Acerca Redes,,Acerca Redes,Habilitador,http://acercaredes.org/,Asociación civil especializada en emprendimiento,"Organización patrocinada por ARAUCO dedicada al desarrollo de comunidades alejadas de las oportunidades de los principales centros urbanos; cuenta una red de HUBs que atraen y conectan capacidades, impactando en emprendimiento y desarrollo local",No,Santiago,||,0,1,4,0.8,SCL007,4,0,0,1,1,0,4,4,6,0.282799,0.298711,0,0.01373,0.013729,0.001501,0,0,0.023986
ACVC,ACVC,,Asociación Chilena de Venture Capital,Vinculador,https://acvc.cl/,Cámara empresarial,"Menos un fondo de inversion en sí mismo, más una asociación coordinadora y promotora de las inversiones en venture capital; colabora con el Ministerio de Economía y Hacienda en el diseño de un marco regulatorio para la Industria del Capital de Riesgo; alianza con varios asociaciones internacionales de venture capital",No,Santiago,||,1,4,3,2.4,SCL010,1,0.069264,3,21,24,9,63,72,4,0.412766,0.470361,1683.306567,0.142267,0.142272,0.022996,0,16,0.269157
ADN Angels,ADN Angels,,ADN International Business Angels,Habilitador,https://amperio.cl/adn-angels,Fondo de inversión,red de inversionistas ángeles cuyo foco es potenciar emprendimientos con planes de internacionalización; pertenece a la red internacional mentores ADN,No,Santiago,||,0,1,3,0.6,SCL011,0,0,1,0,1,3,0,3,5,0.359926,0.377234,0,0.043227,0.043232,0.001398,0,0,0.075438
ADN Mentores,ADN Mentores,,ADN Mentores,Habilitador,https://amperio.cl/adn-mentores,Consultora,Organización dedicada a la consultoría en temas de emprendimiento a través de acompañamiento y mentoring para emprendedores,No,Santiago,||,0,1,5,1,SCL012,2,0,0,1,1,0,5,5,5,0.294833,0.310653,0,0.01279,0.01279,0.001662,0,0,0.023588
Agencia de Sostenibilidad,Agencia de Sostenibilidad,,Agencia de Sostenibilidad,Articulador,https://www.agenciase.org/,Organismo Gubernamental,Fundación de origen gubernamental centrada en la promoción del uso eficiente de la energía y la sustentabilidad a través de programas y proyectos que impulsen la disminución del consumo energético,No,Santiago,||,0,1,3,0.6,SCL013,3,0,1,0,1,3,0,3,6,0.273625,0.287113,0,0.006855,0.006854,0.001727,0,0,0.01314
Agora Partnerships,Agora Partnerships,,Agora Partnerships,Habilitador,https://agora2030.org/,Fondo de inversión,"Organización que funciona como aceleradora, incubadora, venture fund y consultora de emprendimientos",No,Santiago,||,0,2,3.5,1.4,SCL014,4,1,2,0,2,7,0,7,5,0.305994,0.329983,0,0.02942,0.029419,0.002285,0,1,0.052358
AIA,AIA,,Asociación de Industriales de Antofagasta,Vinculador,https://www.aia.cl,Cámara empresarial,Empresa lider en desarrollo sustentable,No,Antofagasta,||,0,1,3,0.6,SCL016,8,0,1,0,1,3,0,3,6,0.290419,0.30945,0,0.014358,0.014357,0.001611,0,0,0.026746
Alaya,Alaya,,Alaya Capital Partners,Habilitador,https://alaya-capital.com/en/,Fondo de inversión,Empresa de capital riesgo que invierte recursos privados y publicos in startups y empresas de tecnología,No,Santiago,||,0,2,3,1.2,SCL017,6,1,2,0,2,6,0,6,4,0.367424,0.386168,0,0.062665,0.062669,0.002036,0,1,0.109156
Alster Legal,Alster Legal,,Alster Legal,Habilitador,https://www.alsterlegal.com/,Consultora,Consultora jurídica especializada en temas de emprendimiento,No,Santiago,||,0,1,4,0.8,SCL018,6,0,0,1,1,0,4,4,5,0.278736,0.292612,0,0.008842,0.008841,0.00159,0,0,0.016398
AMCHAM,AMCHAM,,AMCHAM,Vinculador,https://www.amchamchile.cl/,Cámara empresarial,Organización que representa a las empresas vinculadas al comercio entre Chile y Estados Unidos,No,Santiago,||,0,1,3,0.6,SCL019,6,0,1,0,1,3,0,3,5,0.278736,0.292612,0,0.008842,0.008841,0.00159,0,0,0.016398
AMUCH,AMUCH,,Asociación de Municipalidades de Chile,Vinculador,https://www.amuch.cl/,Otro (revisar),,No,Chile,||,0,1,3,0.6,SCL022,7,0,0,1,1,0,3,3,5,0.300775,0.321134,0,0.014428,0.014427,0.001485,0,0,0.028859
ANID,ANID,,Agencia Nacional de Invetsigación y Desarrollo,Articulador,https://www.anid.cl/,Organismo Gubernamental,"es el servicio encargado de administrar y ejecutar los programas e instrumentos destinados a promover, fomentar y desarrollar la investigación en todas las áreas del conocimiento, el desarrollo tecnológico y la innovación de base científico-tecnológica, de acuerdo a las políticas definidas por el Ministerio de Ciencia, Tecnología, Conocimiento e Innovación.3​",No,Chile,||,0,1,5,1,SCL026,8,0,1,0,1,5,0,5,6,0.290419,0.30945,0,0.014358,0.014357,0.001611,0,0,0.026746
ASECH,ASECH,,Asociación de Emprendedores de Chile,Vinculador,https://home.asech.cl/,Cámara empresarial,"Asociación de emprendedores más grande de Chile, dedicada a: a) la promoción y defensa jurídica del emprendimiento, b) la provisión de información y formación para emprendedores, c) la provisión de oportunidades networking; asociado con ASELA",No,Santiago,||,0,4,1.75,1.4,SCL029,7,0.333333,3,2,5,6,2,8,4,0.328257,0.357388,38.582016,0.038318,0.038315,0.003923,0,2,0.073054
ASEXMA,ASEXMA,,Asociación de Exportadores y Manufacturas,Vinculador,https://www.asexma.cl/,Cámara empresarial,Asociación dedicada a la representación y ayuda a empresas exportadoras de manufactura y servicios; también proporcione servicios de capacitación para emprendedores,No,Santiago,||,0,1,4,0.8,SCL031,2,0,0,1,1,0,4,4,5,0.294833,0.310653,0,0.01279,0.01279,0.001662,0,0,0.023588
ASIPLA,ASIPLA,,ASIPLA,Vinculador,https://www.asipla.cl/,Cámara empresarial,Asociación que reúne a los empresarios que integran la cadena de valor del plástico,No,Santiago,||,0,1,5,1,SCL032,5,1,2,0,2,6,0,6,6,0.274011,0.290808,0,0.005373,0.005373,0.003095,0,1,0.012786
ASIVA,ASIVA,,ASIVA,Vinculador,http://www.asiva.cl/,Cámara empresarial,Asociación gremial multisectorial que agrupa a empresas de la región de Valparaíso comprometida con el desarrollo y crecimiento de la región,No,Viña del Mar,||,0,1,3,0.6,SCL033,1,0,1,0,1,3,0,3,6,0.277143,0.29055,0,0.009266,0.009264,0.00166,0,0,0.016837
Asociación de Empresas Familiares,Asociación de Empresas Familiares,,Asociación de Empresas Familiares,Vinculador,https://www.aef.cl/,Cámara empresarial,Organización que agrupa a las empresas familiares en Chile que busca ser un espacio de confianza donde ellas puedan compartir y aprender conocimientos,No,Santiago,||,0,1,3,0.6,SCL035,1,0,1,0,1,3,0,3,5,0.292609,0.31134,0,0.011052,0.011051,0.001659,0,0,0.021806
Asociacion de Generadoras de Chile,Asociacion de Generadoras de Chile,,Asociacion de Generadoras de Chile,Vinculador,http://generadoras.cl/,Cámara empresarial,Asociación gremial que representa a las empresas de generación eléctrica que operan en Chile.,No,Santiago,||,0,1,3,0.6,SCL036,3,0,0,1,1,0,3,3,6,0.273625,0.287113,0,0.006855,0.006854,0.001727,0,0,0.01314
Asociación Nacional de Investigadores en Posgrado,Asociación Nacional de Investigadores en Posgrado,,Asociación Nacional de Investigadores en Posgrado,Vinculador,https://anip.cl/,Red organizacional,Organización que agrupa a los investigadores en posgrado de Chile,No,Santiago,||,0,1,2,0.4,SCL037,8,0,0,1,1,0,2,2,6,0.248082,0.263144,0,0.003276,0.003276,0.001808,0,0,0.007632
Aurus Capital,Aurus Capital,,Aurus Capital,Habilitador,http://www.aurus.cl/,Fondo de inversión,Fondo de inversión de cartera variada,No,Santiago,||,0,1,3,0.6,SCL038,1,0,1,0,1,3,0,3,5,0.293051,0.310481,0,0.008816,0.008816,0.001757,0,0,0.018388
Austral Capital,Austral Capital,,Austral Capital,Habilitador,https://australcap.com/,Fondo de inversión,Fondo de inversión enfocado en la internacionalización de empresas de tecnología,No,Santiago,||,0,1,5,1,SCL039,4,0,1,0,1,5,0,5,5,0.298003,0.316237,0,0.01569,0.01569,0.001553,0,0,0.028371
AUTM,AUTM,,AUTM,Vinculador,https://autm.net/about-autm/cabinet,Consultora,Empresa sin fines de lucro dedicada a promover e inspirar a profesionales para apoyar el desarrollo de la investigación académica para cambiar el mundo,No,Estados Unidos,||,0,1,4,0.8,SCL040,1,0,1,0,1,4,0,4,5,0.293051,0.310481,0,0.008816,0.008816,0.001757,0,0,0.018388
Babson College,Babson College,,Babson College,Habilitador,https://www.babson.edu/,Universidad,Universidad enfocada en la formación de emprendedores y ciencias de los negocios,Babson College,"Wellesley, MA, USA",||,0,1,5,1,SCL041,7,0,0,1,1,0,5,5,5,0.300775,0.321134,0,0.014428,0.014427,0.001485,0,0,0.028859
Balloon Latam,Balloon Latam,,Balloon Latam,Habilitador,https://balloonlatam.com/,Empresa/Emprendimiento,Empresa social que promueve respuestas colectivas para impulsar el desarrollo sostenible en las comunidades de América Latina,No,Santiago,||,1,2,3,1.2,SCL042,3,0.072727,2,12,14,8,45,53,4,0.391919,0.428265,865.187879,0.10044,0.100444,0.011475,0,4,0.185269
Banco del Estado de Chile,Banco del Estado de Chile,,Banco del Estado de Chile,Habilitador,https://www.bancoestado.cl/,Otro (revisar),El único banco comercial estatal de Chile presta servicios financieros a particulares y empresas,No,Santiago,||,0,1,3,0.6,SCL043,2,0,1,0,1,3,0,3,5,0.294833,0.310653,0,0.01279,0.01279,0.001662,0,0,0.023588
Banco security,Banco security,,Banco security,Habilitador,https://personas.bancosecurity.cl/,Empresa/Emprendimiento,"Empresa enfocada en la provisión de financiamiento, inversiones, seguros y servicios.",No,Santiago,||,0,1,3,0.6,SCL044,0,0,1,0,1,3,0,3,5,0.270572,0.280412,0,0.011781,0.011779,0.001352,0,0,0.019377
BCI,BCI,,BCI,Habilitador,https://www.bci.cl/personas,Empresa/Emprendimiento,Empresa proveedora de servicios financieros,No,Santiago,||,0,4,3.25,2.6,SCL045,6,0.5,2,2,4,6,7,13,4,0.343972,0.37457,38.7372,0.055497,0.055495,0.003837,0,3,0.102562
BID,BID,,Banco Interamericano de Desarrollo,Habilitador,https://www.iadb.org/es/,Fondo de inversión,Organismo internacional dedicado al financimiento de proyectos para el desarrollo y la evaluación de políticas públicas en América Latina,No,,||,0,2,4,1.6,SCL046,5,0,2,0,2,8,0,8,5,0.306477,0.329811,14.273123,0.01718,0.017179,0.002584,0,0,0.033572
Broota,Broota,,Broota,Habilitador,https://inversion.broota.com/nosotros,Fondo de inversión,Fondo de inversión basado en el crowdfunding digital (crowdfunding inversion aka equity based),No,Santiago,||,0,2,3,1.2,SCL050,5,1,2,0,2,6,0,6,5,0.363296,0.383247,0,0.049355,0.04936,0.002323,0,1,0.087203
Caja Los Andes,Caja Los Andes,,Caja Los Andes,Habilitador,https://www.cajalosandes.cl/home_personas,Fondo de inversión,"Organismo de inversión formado bajo la figura de ""caja de compensación""; trabaja en la entrega de beneficios y productos sociales; es parte de la Cámara Chilena de Construccion",No,Santiago,||,0,3,3.666667,2.2,SCL051,5,0.666667,3,2,5,11,2,13,5,0.283212,0.304467,5.754978,0.011538,0.011538,0.003935,0,2,0.024619
Cámara Chilena de la Construcción,Cámara Chilena de la Construcción,,Cámara Chilena de la Construcción,Vinculador,https://www.cchc.cl/,Cámara empresarial,Asociación gremial que reúne a las empresas de la construcción en Chile,No,Santiago,||,0,2,3.5,1.4,SCL052,4,0,1,1,2,3,4,7,5,0.301711,0.32354,7.698718,0.026286,0.026284,0.00225,0,0,0.046303
Cámara de Diputados del Congreso Nacional,Cámara de Diputados del Congreso Nacional,,Cámara de Diputados del Congreso Nacional,Articulador,https://www.camara.cl/,Organismo Gubernamental,Cámara baja del Congreso Nacional de Chile,No,Valparaíso,||,0,1,2,0.4,SCL053,8,0,1,0,1,2,0,2,6,0.248082,0.263144,0,0.003276,0.003276,0.001808,0,0,0.007632
Cámara Franco Chilena para el Comercio y la Industria,Cámara Franco Chilena para el Comercio y la Industria,,Cámara Franco Chilena para el Comercio y la Industria,Vinculador,https://www.camarafrancochilena.cl/,Cámara empresarial,"Organización que reúne a las empresas parte del comercio Francia-Chile, y que fomenta los vínculos entre los dos países, así como apoya a todos sus Socios y no Socios con una gama de servicios empresariales",No,Santiago,||,0,1,3,0.6,SCL054,6,0,1,0,1,3,0,3,5,0.278736,0.292612,0,0.008842,0.008841,0.00159,0,0,0.016398
Cámara Regional de Comercio de Valparaiso,Cámara Regional de Comercio de Valparaiso,,Cámara Regional de Comercio de Valparaiso,Vinculador,http://crcpvalpo.cl/,Cámara empresarial,Asociación gremial que reúne al empresariado de la región de Valparaíso,No,Valparaíso,||,0,1,3,0.6,SCL055,1,0,1,0,1,3,0,3,6,0.277143,0.29055,0,0.009266,0.009264,0.00166,0,0,0.016837
CAMCHAL,CAMCHAL,,Cámara Chileno-Alemana de Comercio e Industria,Vinculador,https://chile.ahk.de/es/,Cámara empresarial,Asociación representante oficial de la industria alemana en Chile; ayuda a empresas alemanas a entrar el mercado de Chile; sirve como plataforma binacional de intercambio comercial y transferencia de tecnología/conocimiento,No,Santiago,||,0,1,3,0.6,SCL056,8,0,1,0,1,3,0,3,5,0.287407,0.302491,0,0.010003,0.010002,0.001629,0,0,0.018476
CasaCo,CasaCo,,CasaCo,Habilitador,http://casaco.org/,Coworking,Espacio para el trabajo colaborativo en temas de emprendimiento,No,Santiago,||,0,1,4,0.8,SCL057,9,0,1,0,1,4,0,4,6,0.205726,0.217268,0,0.000295,0.000295,0.001644,0,0,0.002593
CCS,CCS,,Cámara de Comercio de Santiago,Vinculador,https://www.ccs.cl/index.html,Cámara empresarial,"Asociación representante de los intereses de las empresas ante la Autoridad, participando en temas legislativos; además ofrece servicios de información comercial basada en una red de cámaras de comercio locales",No,Santiago,||,1,5,2.8,2.8,SCL058,0,0.166667,3,12,15,9,35,44,4,0.40501,0.447165,727.512791,0.133659,0.133659,0.012713,0,13,0.241076
CDN Estación Central,CDN Estación Central,,CDN Estación Central,Habilitador,https://www.sercotec.cl/centros-de-negocios/centro-de-desarrollo-de-negocios-estacion-central/,Organismo Gubernamental,"Organismo público orientado a dar servicios de asesoría técnica, de capacitación general, acceso a servicios financiera y vinculación con el ecosistema a pequeñas empresas (parte de SERCOTEC y apoyado academicamente por la UC)",No,Santiago,||,0,1,5,1,SCL059,2,0,0,1,1,0,5,5,5,0.294833,0.310653,0,0.01279,0.01279,0.001662,0,0,0.023588
CDT,CDT,,Corporación de Desarrollo Tecnológico,Habilitador,https://www.cdt.cl/,Asociación civil especializada en emprendimiento,"Organización creada para la promoción del desarrollo tecnológico en la construcción, así como la coordinación de la documentación técnica y normativa sectorial; afiliada con la Cámara Chilena de la Construcción (CChC)",No,Santiago,||,0,1,3,0.6,SCL060,0,0,0,7,7,0,25,25,5,0.365348,0.390979,491.67675,0.136383,0.136399,0.005737,0,0,0.241022
CEA Liten,CEA Liten,,The Liten Institute CEA,Generador de Conocimiento,http://liten.cea.fr/cea-tech/liten/en/Pages/about-liten.aspx,Centro de investigación,Centro de investigación europeo para el desarrollo de energías sustentables,No,Francia,||,0,1,3,0.6,SCL061,8,0,1,0,1,3,0,3,6,0.290419,0.30945,0,0.014358,0.014357,0.001611,0,0,0.026746
Centro de Energía UC,Centro de Energía UC,,Centro de Energía UC,Generador de Conocimiento,http://energia.uc.cl/es/,Centro de investigación,Centro enfocado en la generación y aplicación de conocimiento científico y tecnológico para el desarrollo de políticas públicas y soluciones a desafíos energéticos,PUCC,Santiago,SantanderX|RedEmprendia|,0,1,2,0.4,SCL065,3,0,0,1,1,0,2,2,6,0.273625,0.287113,0,0.006855,0.006854,0.001727,0,0,0.01314
Centro de Innovación UC Anacleto Angelini,Centro de Innovación UC Anacleto Angelini,,Centro de Innovación UC Anacleto Angelini,Habilitador,http://centrodeinnovacion.uc.cl/,Centro de innovación y/o diseño,"Centro dedicado a la promoción de una cultura y un entorno pro innovación y emprendimiento: lugar de encuentro (vinculación), incubadora/aceleradora, espacio de coworking y centro de I+D trabajando en conjunto con las facultades de la PUCC",PUCC,Santiago,SantanderX|RedEmprendia|,0,10,3.9,7.8,SCL066,4,0.428571,8,1,9,32,4,36,4,0.422658,0.454038,300.132175,0.153417,0.153418,0.006927,0,12,0.277106
Centro Nace,Centro Nace,,Centro Nace Banco BCI,Habilitador,https://www.bci.cl/empresarios/centro-nace,Empresa/Emprendimiento,"Es un centro integral para emprendedores único en Chile, que cuenta con todos los servicios necesarios para que empresarios y emprendedores conecten sus ideas o desarrollen su negocio y lo lleven al siguiente nivel.",No,Santiago,||,0,1,4,0.8,SCL068,1,0,1,0,1,4,0,4,5,0.287834,0.30232,0,0.008355,0.008355,0.001636,0,0,0.016191
Charly.io,Charly.io,,Charly.io,Habilitador,http://www.charly.io/,Consultora,Plataforma inteligente de asesoría financiera automatizada para StarUps que ofrece set de herramientas simples para optimizar el proceso de inversión y acompañamiento,No,Santiago,||,0,1,5,1,SCL069,6,0,0,1,1,0,5,5,4,0.303125,0.318729,0,0.019438,0.019437,0.001407,0,0,0.033718
ChileCowork,ChileCowork,,ChileCowork,Vinculador,https://www.chilecowork.org/,Cámara empresarial,Asociación gremial que reúne a los espacios de coworking,No,Santiago,||,0,1,5,1,SCL070,0,0,0,1,1,0,5,5,5,0.359926,0.377234,0,0.043227,0.043232,0.001398,0,0,0.075438
ChileGlobal,ChileGlobal,,ChileGlobal Ventures,Habilitador,https://chileglobalventures.cl/,Incubadora/Aceleradora,Promueve la creación de empresas innovadoras para potenciar nuevos y mejores mercados en Chile. Apoya a emprendedores de clase mundial en las industrias de impacto para Chile y el mundo.,No,Santiago,||,0,1,3,0.6,SCL071,1,0,1,0,1,3,0,3,5,0.287834,0.30232,0,0.008355,0.008355,0.001636,0,0,0.016191
ChileMass,ChileMass,,ChileMass,Vinculador,http://chilemass.org/,Asociación civil especializada en emprendimiento,"Asociación especializada en el desarrollo de vínculos entre los ecosistemas chileno y de Massachusetts, en las áreas de energía, tecnología, educación y fondos de inversión.",No,"Cambridge, MA",||,0,1,4,0.8,SCL072,3,0,1,0,1,4,0,4,6,0.273625,0.287113,0,0.006855,0.006854,0.001727,0,0,0.01314
CHILETEC,CHILETEC,,Asociación de Empresas Chilenas de Tecnología,Vinculador,https://chiletec.org/,Red organizacional,Asociación gremial que promueve la industria tecnológica chilena,No,Santiago,||,0,1,3,0.6,SCL074,0,0,1,0,1,3,0,3,5,0.28869,0.303608,0,0.010383,0.010383,0.001601,0,0,0.018608
CIPTEMIN,CIPTEMIN,,Centro Integrado de Pilotaje de Tecnologías Mineras,Habilitador,https://ciptemin.cl/,Centro de innovación y/o diseño,"Son un centro tecnológico para la innovación, constituido en el marco del Programa de Fortalecimiento y Creación de Capacidades Tecnológicas Habilitantes para la Innovación de Corfo, que busca crear y/o fortalecer infraestructura y capital humano avanzado en entidades tecnológicas.",No,Antofagasta,||,0,1,3,0.6,SCL077,8,0,1,0,1,3,0,3,6,0.290419,0.30945,0,0.014358,0.014357,0.001611,0,0,0.026746
CIREN,CIREN,,Centro de Información de Recursos Naturales,Generador de Conocimiento,https://www.ciren.cl/,Organismo Gubernamental,"Es un instituto tecnológico y servicio de apoyo del Ministerio de Agricultura, que proporciona información de valor de los recursos naturales renovables de Chile",No,Santiago,||,0,1,2,0.4,SCL078,8,0,1,0,1,2,0,2,6,0.281159,0.295704,0,0.010739,0.010737,0.001519,0,0,0.019486
Club de Innovación,Club de Innovación,,Club de Innovación,Habilitador,https://www.clubdeinnovacion.com/,Red organizacional,Organismo especializado en la capacitación a empresas en temas de emprendimiento,No,Santiago,||,0,4,3.5,2.8,SCL079,5,0.166667,4,0,4,14,0,14,5,0.328814,0.362801,83.880533,0.038796,0.038792,0.00418,0,1,0.075995
CMF,CMF,,CMF,Articulador,http://www.cmfchile.cl/portal/principal/605/w3-propertyname-720.html,Organismo Gubernamental,"Organismo público encargado de velar por el correcto funcionamiento, desarrollo y estabilidad del mercado financiero",No,Santiago,||,0,1,3,0.6,SCL080,1,0,1,0,1,3,0,3,5,0.292609,0.31134,0,0.011052,0.011051,0.001659,0,0,0.021806
CNID,CNID,,Consejo Nacional de Innovación para el Desarrollo,Articulador,http://www.cnid.cl/,Organismo Gubernamental,"Órgano asesor del gobierno que genera orientaciones estratégicas para fortalecer la contribución de las ciencias, las tecnologías y la innovación al desarrollo",No,Santiago,||,0,1,4,0.8,SCL082,8,0,1,0,1,4,0,4,6,0.281159,0.295704,0,0.010739,0.010737,0.001519,0,0,0.019486
CNN Chile,CNN Chile,,CNN Chile,Promotor,https://www.cnnchile.com/,Medio de comunicación,Filial chilena de la red de prensa multinacional CNN,,Santiago,||,0,1,5,1,SCL083,3,0,0,1,1,0,5,5,6,0.273625,0.287113,0,0.006855,0.006854,0.001727,0,0,0.01314
CNS Colina,CNS Colina,,Centro de Negocios Sercotec Colina,Habilitador,sercotec.cl,Organismo Gubernamental,"es un lugar donde las pequeñas empresas y emprendedores, hombre y mujeres, reciben asesoría técnica, individual y sin costo para el cliente, a través de mentores expertos, para fortalecer sus capacidades y desarrollar su actividad empresarial.​",No,Chile,||,0,1,3,0.6,SCL084,0,0,1,0,1,3,0,3,5,0.278336,0.291924,0,0.012695,0.012693,0.0016,0,0,0.022321
CNS Santiago,CNS Santiago,,Centro de Negocios Sercotec Santiago,Habilitador,https://www.sercotec.cl/centros-de-negocios/centro-de-desarrollo-de-negocios-santiago/,Consultora,"Lugar en donde las pequeñas empresas y emprendedores reciben asesoría técnica individual y sin costo para el cliente, a través de mentores expertos, para fortalecer sus capacidades y desarrollar su capacidad empresarial.",No,Santiago,||,0,1,3,0.6,SCL085,0,0,1,0,1,3,0,3,5,0.278336,0.291924,0,0.012695,0.012693,0.0016,0,0,0.022321
Co-Work Latam,Co-Work Latam,,Co-Work Latam,Habilitador,https://www.coworklatam.com/sedes-coworking/monjitas-santiago-centro/,Coworking,"Espacio para el trabajo colaborativo con sedes en Chile, Uruguay y Colombia",No,Santiago,||,0,3,4,2.4,SCL086,6,0.333333,3,0,3,12,0,12,4,0.332762,0.358677,582.302676,0.03416,0.034159,0.002997,0,1,0.065169
CoLab UC,CoLab UC,,Laboratorio de Innovación Social de la Pontificia Universidad Católica de Chile,Habilitador,http://colab.uc.cl/es/inicio/,Centro de innovación y/o diseño,Centro dedicado a la co-producción del conocimiento para la atención a problemáticas socio-ambientales y económicas así como la formación de agentes de cambio y la vinculación entre actores y/o instituciones,PUCC,Santiago,SantanderX|RedEmprendia|,1,5,3,3,SCL087,4,0.095238,7,12,19,22,46,68,5,0.393509,0.439089,1114.130833,0.176736,0.176744,0.014622,0,10,0.314891
Congreso Futuro,Congreso Futuro,,Congreso Futuro,Promotor,https://www.congresofuturo.cl/,Otro (revisar),Organización volcada a la generación de consenso y políticas en torno de la necesidad de impulsar el desarrollo tecnológico y la innovación en Chile,No,Santiago,||,0,1,3,0.6,SCL091,8,0,1,0,1,3,0,3,5,0.287407,0.302491,0,0.010003,0.010002,0.001629,0,0,0.018476
CONICYT,CONICYT,,Comisión Nacional de Investigación Científica y Tecnológica,Articulador,https://www.conicyt.cl/,Organismo Gubernamental,"Organismo dedicado al asesoramiento del presidente en materia de desarrollo científico y tecnológico, así como a su promoción en el país; además busca impulsar la formación de capital humano avanzado en el país",No,Santiago,||,0,7,3.142857,4.4,SCL092,8,0.333333,7,0,7,22,0,22,5,0.327703,0.367784,143.269585,0.05973,0.059725,0.00652,0,7,0.112412
CORFO,CORFO,,Corporación de Fomento de la Producción,Articulador,https://www.corfo.cl/sites/cpp/movil/conoce-vicepresidente,Organismo Gubernamental,Agencia del gobierno a cargo de dar apoyo a la innovación y el emprendimiento,No,Santiago,||,1,38,4.289474,32.6,SCL095,0,0.055878,44,25,69,190,77,267,4,0.560694,0.628436,10728.846896,0.556544,0.556495,0.048793,0,77,1
CSIC,CSIC,,Consejo Superior de Investigaciones Cinetíficas de España,Articulador,https://www.csic.es/,Centro de investigación,"Es una Agencia Estatal para la investigación científica y el desarrollo tecnológico, con personalidad jurídica diferenciada, patrimonio y tesorería propios, autonomía funcional y de gestión, plena capacidad jurídica de obrar y de duración indefinida.",No,España,||,0,1,3,0.6,SCL098,8,0,1,0,1,3,0,3,6,0.290419,0.30945,0,0.014358,0.014357,0.001611,0,0,0.026746
CYPICS,CYPICS,,Centro Interdisciplinario para la Productividad y Construcción Sustentable,Generador de Conocimiento,https://www.cipycs.cl/,Centro de innovación y/o diseño,"Asociación que reúne a investigadores de múltiples sectores para el desarrollo de soluciones sustentables e innovadoras para la industria enfocado en el área de construcción; liderado por las universidades PUCC, UBB, UCN y UTAL que actúan como agentes proveedores de conocimiento y capacidades",No,Santiago,||,0,1,3,0.6,SCL099,4,0,1,0,1,3,0,3,5,0.298003,0.316237,0,0.01569,0.01569,0.001553,0,0,0.028371
Dadneo,Dadneo,,Dadneo,Habilitador,https://www.dadneo.com/,Fondo de inversión,,No,Santiago,||,0,2,3.5,1.4,SCL100,2,1,2,0,2,7,0,7,5,0.367424,0.388402,0,0.056018,0.056022,0.002291,0,1,0.099026
Desafío Levantemos Chile,Desafío Levantemos Chile,,Desafío Levantemos Chile,Habilitador,http://amisimeimporta.cl/,Otro (revisar),ONG que busca apoyar a empresas pequeñas mediante el crowdfunding en su pagina de web,No,Santiago,||,0,1,3,0.6,SCL102,4,0,1,0,1,3,0,3,6,0.282799,0.298711,0,0.01373,0.013729,0.001501,0,0,0.023986
Diario Financiero,Diario Financiero,,Diario Financiero,Promotor,https://www.df.cl/,Medio de comunicación,Red de prensa enfocada en las actividades del sector financiero,No,Santiago,||,0,1,3,0.6,SCL103,0,0,1,0,1,3,0,3,5,0.359926,0.377234,0,0.043227,0.043232,0.001398,0,0,0.075438
DIPRES,DIPRES,,Dirección de Presupuestos de Chile,Articulador,dipres.gob.cl,Organismo Gubernamental,"es un organismo estatal chileno, que tiene como objetivo velar por la eficiente asignación y uso de los recursos públicos",No,Chile,||,0,1,5,1,SCL106,8,0,1,0,1,5,0,5,6,0.281159,0.295704,0,0.010739,0.010737,0.001519,0,0,0.019486
Doble Impacto,Doble Impacto,,Doble Impacto,Habilitador,https://www.dobleimpacto.cl/,Fondo de inversión,Plataforma de inversiones basada en el crowdlending digital; proyecta convertirse en banco en 2022,No,Santiago,||,0,2,3,1.2,SCL107,4,1,2,0,2,6,0,6,5,0.365348,0.385825,0,0.056957,0.056961,0.00213,0,1,0.099424
Duoc UC,Duoc UC,,Duoc UC,Habilitador,http://www.duoc.cl/inicio,Universidad,Universidad de inspiración católica con programas de distintas áreas,PUCC,Santiago,SantanderX|RedEmprendia|,0,3,3.666667,2.2,SCL108,6,0,2,1,3,8,3,11,4,0.298003,0.323883,40.126515,0.028392,0.028389,0.003378,0,0,0.051859
Educación 2020,Educación 2020,,Educación 2020,Vinculador,http://educacion2020.cl/,Red organizacional,Organización de la sociedad civil que busca mejorar la educacion en comunidades vulnerables del país; impulsa metodologías innovadoras de aprendizaje en su Centro de Liderazgo Educativo; influye reformas y proyectos de ley politica educativa; anima la sociedad civil a participar en el debate educativo nacional,No,Santiago y Temuco,||,0,1,5,1,SCL109,4,0,0,1,1,0,5,5,6,0.282799,0.298711,0,0.01373,0.013729,0.001501,0,0,0.023986
El Mercurio,El Mercurio,,El Mercurio,Promotor,https://digital.elmercurio.com/2019/07/01/A,Medio de comunicación,Periodico tradicional chileno que publica diariamente; conservadora,No,Santiago,||,0,1,4,0.8,SCL112,0,0,0,1,1,0,4,4,5,0.359926,0.377234,0,0.043227,0.043232,0.001398,0,0,0.075438
Endeavor,Endeavor,,Endeavor,Habilitador,http://www.endeavor.cl/,Incubadora/Aceleradora,"Capitulo chileno de la organización global que busca, selecciona y amplía a los empresarios con el mayor potencial, y luego difunde sus historias y recursos para sostener una transformación económica y social duradera",No,Santiago,||,0,5,3,3,SCL117,6,0.6,4,1,5,11,4,15,4,0.350181,0.383591,30.51145,0.063655,0.063653,0.004711,0,6,0.119182
Equitas Capital,Equitas Capital,,Equitas Capital,Habilitador,http://www.equitas.cl/index.html,Fondo de inversión,Firma de inversión enfocada en la provisión de recursos a iniciativas del ámbito de servicios ambientales y recursos naturales,No,Santiago,||,1,1,3,0.6,SCL121,0,0.166667,0,6,6,0,22,22,4,0.370229,0.393041,301.213122,0.151636,0.151651,0.004109,0,1,0.265468
Everis,Everis,,Everis,Habilitador,https://www.everis.com/chile/es/home-chile,Consultora,Compañía global dedicado a la consultoría y outsourcing abarcando todos los sectores del ámbito económico; enfasis a la disrupción del mundo de los negocios basados en tecnologías exponenciales,No,Santiago,||,0,1,3,0.6,SCL124,5,0,1,0,1,3,0,3,6,0.273625,0.28823,0,0.004956,0.004955,0.001779,0,0,0.010817
Explora Chile,Explora Chile,,Explora Chile,Promotor,https://www.explora.cl/noticias/,Organismo Gubernamental,"Programa formado por el CONICYT que busca fomentar el conocimiento y la valoración de la ciencia, la tecnología y la innovación para aportar al desarollo del país; públicos objetivo: comunidades escolares, científicos/investigadores, y público general",No,Santiago,||,0,1,4,0.8,SCL125,8,0,1,0,1,4,0,4,6,0.248082,0.263144,0,0.003276,0.003276,0.001808,0,0,0.007632
Fablabs.io,Fablabs.io,,Fablabs.io,Habilitador,https://www.fablabs.io/,,,,,||,0,2,4,1.6,SCL127,5,0,1,1,2,3,5,8,5,0.30941,0.33488,24.015296,0.019384,0.019382,0.002495,0,0,0.039675
Fen,Fen,,Fen Ventures,Habilitador,https://www.fenventures.com/,Incubadora/Aceleradora,Apoyar a emprendedores locales para permitirles competir a escala global,No,Santiago,||,0,1,3,0.6,SCL129,6,0,1,0,1,3,0,3,4,0.303125,0.318729,0,0.019438,0.019437,0.001407,0,0,0.033718
FIA,FIA,,Fundación para la Innovación Agraria,Articulador,http://www.fia.cl/,Organismo Gubernamental,"Organismo gubernamental que busca fomentar la innovación en el sector agrario, agroalimentario y forestal",No,Santiago,||,1,4,3,2.4,SCL130,8,0.121212,3,11,14,9,38,47,5,0.390342,0.430498,840.496283,0.138226,0.138238,0.011453,0,8,0.251369
Fis Ameris,Fis Ameris,,Fis Ameris,Habilitador,https://fisameris.cl/,Fondo de inversión,"Fondo de inversion que permite a inversionistas apoyar emprendimientos socioambientales: inversiones principantes en la Base de la Pirámide en Chile, se han recuperacion de residuos y en apoyo para ONGs",No,Santiago,||,0,1,3,0.6,SCL131,4,0,1,0,1,3,0,3,6,0.282799,0.298711,0,0.01373,0.013729,0.001501,0,0,0.023986
FONDEF-CONICYT,FONDEF-CONICYT,,FONDEF-CONICYT,Habilitador,https://www.conicyt.cl/fondef/fondef-program/,Organismo Gubernamental,"Fondo de Fomento al Desarrollo Científico y Tecnológico, del CONICYPT, que apoye a proyectos de I+D aplicada, con alto contenido científico, orientados a generar impactos económicos y/o sociales y a la generación de capacidades de emprendimiento",No,Santiago,||,0,1,5,1,SCL133,2,0,1,0,1,5,0,5,5,0.294833,0.310653,0,0.01279,0.01279,0.001662,0,0,0.023588
Fondo Alerce,Fondo Alerce,,Fondo Alerce,Habilitador,http://endinv.com/fondo-alerce-vc/,Fondo de inversión,"Fondo de Inversión Privado creado en 2016 entre Endurance Investments y la PUCC; Apuesta por soluciones tecnológicas a problemas globales, con foco en grandes industrias, apoyando a startups a través de capital, network y apoyo estratégico",PUCC,Santiago,||,0,3,3.333333,2,SCL134,4,0.666667,4,0,4,11,0,11,5,0.377432,0.402148,14.095238,0.080464,0.080468,0.003623,0,4,0.143301
Fondo Clin,Fondo Clin,,Fondo CLIN,Habilitador,https://fch.cl/proyecto/chileglobalventures/fondo-clin/,Fondo de inversión,"Fondo de Inversión Privado de capital de riesgo administrado por Fundación Chile (FCH); invierte en startups con tecnologías innovadoras con foco en sectores asociados a sustentabilidad (energía, agua, Smart Cities)",No,Santiago,||,0,1,3,0.6,SCL135,0,0,1,0,1,3,0,3,5,0.359926,0.377234,0,0.043227,0.043232,0.001398,0,0,0.075438
Fondo Esperanza,Fondo Esperanza,,Fondo Esperanza,Habilitador,https://www.fondoesperanza.cl/,Fondo de inversión,"Fondo de inversión que apoya a emprendedores de sectores vulnerables comprometido con la inclusión financiera para superar la pobreza; herramientas: microfinanza, bancos comunales, microseguros",No,Santiago,||,0,1,3,0.6,SCL136,4,0,0,1,1,0,3,3,6,0.27209,0.284364,0,0.009748,0.009747,0.001328,0,0,0.017109
Fondo Vulcano,Fondo Vulcano,,Fondo Vulcano,Habilitador,https://www.dadneo.com,Fondo de inversión,Fondo de inversión creado por Dadneo,No,Santiago,||,0,1,3,0.6,SCL137,0,0,1,0,1,3,0,3,5,0.359926,0.377234,0,0.043227,0.043232,0.001398,0,0,0.075438
Founder List,Founder List,,Founder List,Habilitador,https://www.founderlist.la/quienes-somos,Fondo de inversión,Plataforma de inversiones en Startups latinoamericanas de alto crecimiento tipo crowdfunding; inversionistas pueden invertir como un Angel,No,Santiago,||,0,3,3,1.8,SCL140,1,0.333333,3,0,3,9,0,9,4,0.332192,0.361684,29.595196,0.03827,0.038268,0.003268,0,1,0.074253
Fraunhofer de Chile,Fraunhofer de Chile,,Fraunhofer de Chile,Generador de Conocimiento,https://www.fraunhofer.cl/,Centro de investigación,"Centro de investigacion con el objetivo de investigacion aplicada para resolver las nececidades de la industria y acelerar el desarollo de tecnologia; enfoque especial en biotechnologica (applicacion en agricultura y alimentos, acuicultura, sostenibilidad industrial) y energía solar",No,Santiago,||,0,1,3,0.6,SCL141,8,0,1,0,1,3,0,3,6,0.281159,0.294845,0,0.006988,0.006987,0.001642,0,0,0.01338
Fuck Up Nights,Fuck Up Nights,,Fuck Up Nights,Comunidad,https://fuckupnights.com/,Comunidad,Serie de eventos publicos en donde emprendedores cuentan de sus fracasos pasados para romper el tabú y animar a otros emprendedores a tomar riesgos,No,Santiago,||,0,1,5,1,SCL143,6,0,1,0,1,5,0,5,5,0.278736,0.292612,0,0.008842,0.008841,0.00159,0,0,0.016398
Fundación Chile,Fundación Chile,,Fundación Chile,Habilitador,https://fch.cl/nosotros-2/,Otro (revisar),Organización publico-privado cuyo propósito es impulsar el desarrollo sostenible a través de potenciar y habilitar soluciones innovadoras de alto impacto en distintos sectores productivos,No,Santiago,||,0,5,3.2,3.2,SCL145,0,0.6,5,0,5,16,0,16,4,0.381139,0.407646,26.914948,0.091405,0.091409,0.004594,0,6,0.162431
Fundación Ciencia y Vida,Fundación Ciencia y Vida,,Fundación Ciencia y Vida,Generador de Conocimiento,http://www.cienciavida.org/,Centro de innovación y/o diseño,"institución privada sin fines de lucro cuyo objetivo es mejorar el desarrollo social y económico de Chile a través del descubrimiento científico, el emprendimiento y la educación en ciencias biológicas",No,Santiago,||,0,1,3,0.6,SCL148,8,0,1,0,1,3,0,3,5,0.287407,0.302491,0,0.010003,0.010002,0.001629,0,0,0.018476
Fundación Más Ciencia,Fundación Más Ciencia,,Fundación Más Ciencia,Vinculador,https://www.fundacionmasciencia.cl/,Asociación civil especializada en emprendimiento,"Organización dedicada a la divulgación del conocimiento científico en Chile, así como a la promoción de políticas públicas orientadas al desarrollo científico",No,Santiago,||,1,1,3,0.6,SCL153,8,0.138889,2,7,9,5,20,25,5,0.329372,0.366924,778.744567,0.042169,0.042168,0.010983,0,5,0.083161
Fundación País Digital,Fundación País Digital,,Fundación País Digital,Vinculador,http://www.paisdigital.org/PD/,Otro (revisar),"Institución que fomenta el desarrollo de una cultura digital en Chile, articulando la construcción de alianzas y la realización de proyectos público-privados que aporten el desarrollo del país de cara a la cuarta revolución industrial",No,Santiago,||,0,2,3.5,1.4,SCL154,0,1,1,1,2,3,4,7,5,0.363296,0.383247,0,0.05361,0.053615,0.00223,0,1,0.094046
Fundación Telefónica Chile,Fundación Telefónica Chile,,Fundación Telefónica Chile,Habilitador,http://www.telefonicachile.cl,Red organizacional,"Con el objetivo de articular a largo plazo la acción social y cultural de todas las empresas del Grupo Telefónica; busca participar activamente en la construcción de una sociedad más inclusiva, sostenible y equitativa",No,Santiago,||,0,1,3,0.6,SCL155,0,0,1,0,1,3,0,3,5,0.359926,0.377234,0,0.043227,0.043232,0.001398,0,0,0.075438
Ganesha Lab,Ganesha Lab,,Ganesha Lab,Habilitador,https://ganeshalab.com/,Incubadora/Aceleradora,"Consultora internacional que ofrece servicios de scale up a startups basadas en la ciencia y la tecnología; proporciona acceso directo a clientes, socios e inversores internacionales a través de soft-landing en el mercado extranjero; portfolio contiene startups de agro-biotecnología, biomedicina y tecnologías médicas.",No,Santiago,||,1,2,3,1.2,SCL156,1,0.212121,1,11,12,3,36,39,4,0.403326,0.443729,657.128662,0.107555,0.107558,0.012218,0,14,0.203065
Girls in Tech Chile,Girls in Tech Chile,,Girls in Tech Chile,Comunidad,https://www.girlsintechchile.com/,Comunidad,"Organización sin fines de lucro que tiene como objetivo identificar, conectar y dar visibilidad a creadoras de tecnología en Chile, convirtiéndolas en fuentes de inspiración y conocimiento específico para otras mujeres; parte de ColungaHUB",No,Santiago,||,0,1,4,0.8,SCL159,7,1,2,0,2,5,0,5,5,0.303599,0.326289,0,0.017404,0.017404,0.00232,0,1,0.035157
Global Shapers,Global Shapers,,Global Shapers,Comunidad,https://www.globalshapers.org/hubs/santiago-hub,Comunidad,"Nacida del Foro Económico Mundial, la Comunidad Global Shapers es una red de jóvenes menores de 30 años que trabajan juntos para abordar los desafíos locales, regionales y globales, tienen como objetivo crear proyectos que aborden las necesidades de su comunidad.",No,Santiago,||,1,1,3,0.6,SCL161,9,0,0,6,6,0,26,26,5,0.258667,0.28256,580.420058,0.0038,0.0038,0.00616,0,0,0.013672
Gob. Zapopan,Gob. Zapopan,,Gobierno Municipal de Zapopan,Articulador,https://www.zapopan.gob.mx/v3/,Organismo Gubernamental,,No,"Guadalajara, Mex",||,0,1,3,0.6,SCL162,0,0,1,0,1,3,0,3,5,0.278336,0.291924,0,0.012695,0.012693,0.0016,0,0,0.022321
Gobierno Regional Metropolitano de Santiago,Gobierno Regional Metropolitano de Santiago,,Gobierno Regional Metropolitano de Santiago,Articulador,https://www.gobiernosantiago.cl/sitemap,Organismo Gubernamental,"Organismo autónomo encargado de la administración superior de la región; principal labor es la planificación son proyectos que impulsen el desarrollo económico, social y cultural de la Región Metropolitana",No,Santiago,||,0,4,3.25,2.6,SCL163,5,0.5,2,2,4,6,7,13,5,0.379648,0.406443,44.677372,0.070239,0.070242,0.004191,0,3,0.12668
GORE,GORE,,Gobiernos Regionales (Subsecretaría de Desarollo Regionales y Administrativo),Articulador,http://www.subdere.cl/gobiernos-regionales,Organismo Gubernamental,Organismo gubernamental orientado al fortalecimiento de los gobiernos regionales,No,Santiago,||,0,4,4.25,3.4,SCL165,8,0.333333,4,0,4,17,0,17,6,0.302652,0.32921,14.520786,0.035301,0.035297,0.002858,0,1,0.06594
Greentown Labs,Greentown Labs,,Greentown Labs,Habilitador,https://www.greentownlabs.com,Incubadora/Aceleradora,"La mayor incubadora de technologia limpia de los EEUU; incuba start ups de temas greentech y energia a traves de espacios coworking, herramientas y laboratorios, red de inversionistas y servicios legales",No,"Somerville, MA, EEUU",||,0,1,3,0.6,SCL168,3,0,1,0,1,3,0,3,6,0.273625,0.287113,0,0.006855,0.006854,0.001727,0,0,0.01314
HPI Deutschland,HPI Deutschland,,HPI Deutschland,Habilitador,https://hpi.de/,Universidad,Facultad de la Universidad de Potsdam que ofrece varios carreras como digital engineering y technologias de la informcaion,Universidad de Potsdam,"Potsdam, Alemania",||,0,3,4.333333,2.6,SCL171,7,0,3,0,3,13,0,13,5,0.300775,0.321134,0,0.043283,0.043281,0.001485,0,0,0.086576
Hub APTA,Hub APTA,,Hub APTA,Habilitador,http://hubapta.com/,Red organizacional,"Asociación que busca contribuir a la productividad y diversificación de la economía en Chile, a través de la innovación generada en prestigiosas universidades y centros de investigación chilenos",No,Santiago,||,0,2,3.5,1.4,SCL172,8,0,1,1,2,3,4,7,5,0.319079,0.344158,16.948922,0.02541,0.025408,0.002501,0,0,0.048552
Hub Providencia,Hub Providencia,,Hub Providencia,Habilitador,http://hubprovidencia.cl/web/,Organismo Gubernamental,"Red pública de apoyo integral al emprendimiento e innovación, cuyo objetivo es lograr instalar competencias y desarrollar habilidades en la comuna; realiza talleres, charlas, seminarios y workshops gratuitas",No,Santiago,||,0,3,4.333333,2.6,SCL173,7,0,3,0,3,13,0,13,4,0.312399,0.337199,30.064071,0.037697,0.037695,0.002306,0,0,0.074115
Hubtec,Hubtec,,Hubtec,Habilitador,http://www.hubtec.cl/,Otro (revisar),"Centro de transferencia de ciencia y tecnología, una corporación sin fines de lucro que articula y gestiona sus redes para transformar proyectos en soluciones que puedan tener un impacto positivo en la economía y la sociedad",No,Santago,||,1,4,3,2.4,SCL174,1,0.081871,11,9,20,47,33,80,4,0.413646,0.466065,1745.723204,0.113488,0.113492,0.022041,0,14,0.220953
iF Chile,iF Chile,,iF Chile,Habilitador,https://www.ifchile.com/,Coworking,,,,||,0,2,3,1.2,SCL179,5,1,1,2,3,5,2,7,6,0.274011,0.290808,0,0.005852,0.005852,0.002895,0,1,0.013728
Ilustre Municipalidad de Renca,Ilustre Municipalidad de Renca,,Ilustre Municipalidad de Renca,Articulador,https://www.renca.cl/,Organismo Gubernamental,Gobierno muncipal de la comuna de Renca,No,Santiago,||,0,2,3.5,1.4,SCL181,9,0,2,0,2,7,0,7,5,0.282387,0.300515,177.117381,0.01299,0.012989,0.002474,0,0,0.024914
Ilustre Municipiladidad de Estación Central,Ilustre Municipiladidad de Estación Central,,Ilustre Municipiladidad de Estación Central,Articulador,https://municipalidadestacioncentral.cl/,Organismo Gubernamental,Gobierno muncipal de la comuna de Estación Central,No,Santiago,||,0,1,4,0.8,SCL182,2,0,0,1,1,0,4,4,5,0.294833,0.310653,0,0.01279,0.01279,0.001662,0,0,0.023588
Ilustre Municipiladidad de Las Condes,Ilustre Municipiladidad de Las Condes,,Ilustre Municipiladidad de Las Condes,Articulador,https://www.lascondes.cl/,Organismo Gubernamental,Gobierno municipal de la comuna de Las Condes,No,Santiago,||,0,1,4,0.8,SCL183,2,0,0,1,1,0,4,4,5,0.294833,0.310653,0,0.01279,0.01279,0.001662,0,0,0.023588
Imagine Lab,Imagine Lab,,Imagine Lab,Habilitador,https://imaginelab.cl/quienessomos/,Incubadora/Aceleradora,"Incubadora y aceleradora de negocios apoyada por Microsoft Chile con el fin de desarrollar, transformar y potenciar emprendimientos innovadores de base tecnológica",No,Santiago,||,0,3,3.666667,2.2,SCL184,0,0.666667,2,1,3,6,5,11,5,0.372361,0.396134,9.473389,0.0693,0.069305,0.003013,0,2,0.122417
INACAP,INACAP,,Universidad Tecnológica de Chile,Habilitador,http://www.utc.cl/,Universidad,Asociación orientada a la formación de profesionales técnicos,UTC,Santiago,SantanderX||,0,1,3,0.6,SCL186,0,0,1,0,1,3,0,3,5,0.359926,0.377234,0,0.043227,0.043232,0.001398,0,0,0.075438
Incuba UC,Incuba UC,,Incuba UC. Pontificia Universidad Católica de Chile,Habilitador,http://incubauc.cl/,Incubadora/Aceleradora,"Programa de apoyo a la incubación de start-ups en etapa avanzada; contribuye al crecimiento de ventas, levantamiento de capital privado y escalamiento internacional, con énfasis en la internacionalización de proyectos",PUCC,Santiago,SantanderX|RedEmprendia|,1,4,3.25,2.6,SCL188,4,0.079051,6,23,29,16,86,102,4,0.423581,0.48067,1913.495116,0.201981,0.201981,0.023013,0,20,0.366579
INCUBATEC UFRO,INCUBATEC UFRO,,INCUBATEC UFRO,Habilitador,https://www.incubatec.cl/,Incubadora/Aceleradora,Incubadora que proporcione estructuras y acciones de apoyo a la creación y consolidación de iniciativas empresariales innovadoras; premiada por CORFO en 2015 como la mejor incubadora en chile,UFRO,Santiago (y 2 sedes más),||,0,1,3,0.6,SCL189,1,0,1,0,1,3,0,3,5,0.292609,0.31134,0,0.011052,0.011051,0.001659,0,0,0.021806
INIA,INIA,,Instituto de Investigaciones Agropecuarias,Generador de Conocimiento,http://www.inia.cl/acerca-de-inia/,Centro de investigación,Centro de investigación (corporacion privada vinculada al Ministerio de Agricultura) dedicado al desarrollo y transferencia de conocimientos y tecnologías sustentables para la innovación y mayor competitividad del sector agropecuario,No,Santiago,||,1,2,2.5,1,SCL192,8,0.3,1,7,8,2,25,27,5,0.372361,0.397852,238.009878,0.065674,0.065679,0.004086,0,3,0.120514
Iniciativa Milenio,Iniciativa Milenio,,Iniciativa Milenio,Articulador,http://www.iniciativamilenio.cl/equipo-milenio/,Organismo Gubernamental,"Programa del Ministerio de Economía, Fomento y Turismo de Chile que financia y apoya a centros de investigación de excelencia, en las áreas de Ciencias Sociales y Ciencias Naturales",No,Santiago,||,1,1,3,0.6,SCL193,8,0.133333,0,15,15,0,45,45,4,0.40249,0.446306,1051.917418,0.128762,0.128765,0.015145,0,14,0.234951
Innova UTEM,Innova UTEM,,Innova UTEM,Habilitador,https://noticias.utem.cl/tag/innova-utem/,Centro de innovación y/o diseño,Programa Institucional de Innovación de la UTEM,UTEM,Santiago,||,1,1,3,0.6,SCL194,5,0.075758,7,8,15,23,36,59,5,0.375969,0.415893,1142.921738,0.063792,0.063797,0.014231,0,5,0.12362
Innovación Chile,Innovación Chile,,Innovación Chile,Promotor,http://www.innovacion.cl/,Medio de comunicación,"Medio de comunicación digital, cuyo propósito es promover una cultura de la innovación y el emprendimiento en Chile, a través de la actividad periodística y editorial; es una iniciativa de la División de Innovación del Ministerio de Economía",No,Santiago,||,0,1,3,0.6,SCL196,1,0,1,0,1,3,0,3,6,0.277143,0.29055,0,0.009266,0.009264,0.00166,0,0,0.016837
Innovación Chilena,Innovación Chilena,,Innovación chilena,Promotor,https://innovacionchilena.cl/,Medio de comunicación,"Plataforma virtual que conecta a empresas, emprendedores e innovadores y que los acerca a información y noticias acerca de innovación, instrumentos de financiamiento y eventos sobre el emprendimiento",No,Valparaíso,||,0,1,5,1,SCL197,5,0,0,1,1,0,5,5,6,0.273625,0.28823,0,0.004956,0.004955,0.001779,0,0,0.010817
INNOVO-USACH,INNOVO-USACH,,Centro de Innovación y Transferencia Tecnológica de la Universidad de Santiago,Habilitador,http://innovo.cl/nosotros/,Incubadora/Aceleradora,Centro dedicado a la incubación de negocios de base científica y tecnológica,USACH,Santiago,||,1,3,3,1.8,SCL199,2,0.080882,8,11,19,30,42,72,4,0.417204,0.464347,1590.459156,0.164644,0.164652,0.018881,0,11,0.302651
Innspiral,Innspiral,,Innspiral,Habilitador,https://www.innspiral.com/,Incubadora/Aceleradora,"Son una aceleradora y consultora de innovación. Instalamos capacidades de innovación y desarrollamos nuevos productos, modelos de negocio digitales y experiencias con resultados de alto impacto.",No,Santiago,||,0,1,3,0.6,SCL200,1,0,1,0,1,3,0,3,5,0.293051,0.310481,0,0.008816,0.008816,0.001757,0,0,0.018388
Invest Chile,Invest Chile,,Invest Chile,Articulador,https://investchile.gob.cl/es/aboutus/,Organismo Gubernamental,"Principal organismo público encargado a promover a Chile como destino de inversión extranjera directa en el mercado global, conectando los intereses de inversionistas foráneos con las oportunidades de negocios en el país",No,Santiago,||,1,2,3,1.2,SCL203,1,0,1,0,1,3,0,3,5,0.292609,0.31134,0,0.011052,0.011051,0.001659,0,0,0.021806
JPAL,JPAL,,Abdul Latif Jameel Poverty Action Lab (J-PAL),Generador de Conocimiento,https://www.povertyactionlab.org/es,Centro de investigación,Red mundial de 181 profesores afiliados provenientes de 58 universidades; el centro de investigación chilena busca reducir la pobreza creando evidencia para medir el impacto de programas a través de evaluaciones aleatorizadas;,MIT,Santiago,||,0,1,5,1,SCL205,4,0,1,0,1,5,0,5,6,0.27209,0.284364,0,0.009748,0.009747,0.001328,0,0,0.017109
Know Hub Chile,Know Hub Chile,,Know Hub Chile,Habilitador,http://knowhub.cl/,Otro (revisar),"Instrumento CORFO sin fines de lucro, que busca fortalecer las capacidades en gestión tecnológica de sus universidades e instituciones asociadas, para convertir los resultados de investigación en emprendimientos, productos o servicios basados en ciencia, que beneficien a la sociedad y contribuyan al desarrollo del país",No,Santiago,||,0,2,3,1.2,SCL207,8,0,2,0,2,6,0,6,5,0.309904,0.332131,10.282328,0.018039,0.018038,0.002531,0,0,0.035187
La Quinta Emprende,La Quinta Emprende,,La Quinta Emprende,Promotor,https://laquintaemprende.cl/,Medio de comunicación,"Hub comunicacional con canales multimedia especializado en emprendimiento, innovación y negocios en la región de Valparaíso",No,Valparaíso,||,0,1,3,0.6,SCL209,1,0,1,0,1,3,0,3,6,0.277143,0.29055,0,0.009266,0.009264,0.00166,0,0,0.016837
La Tercera,La Tercera,,La Tercera,Promotor,https://www.latercera.com/,Medio de comunicación,Periódico de circulación diariamente en competencia con El Mercurio,No,Santiago,||,0,1,3,0.6,SCL210,0,0,1,0,1,3,0,3,5,0.359926,0.377234,0,0.043227,0.043232,0.001398,0,0,0.075438
Laboratorio de Gobierno,Laboratorio de Gobierno,,Laboratorio de Gobierno,Habilitador,https://www.lab.gob.cl/,,,,,||,0,3,3.333333,2,SCL212,3,0.666667,2,1,3,7,3,10,5,0.369524,0.392698,5.364064,0.06476,0.064763,0.002944,0,2,0.114252
Latam Ventures Club,Latam Ventures Club,,Latam Ventures Club,Habilitador,https://www.latamventures.club/,Fondo de inversión,"Catalizador de colaboración entre inversionistas y empresas tecnológicos de LATAM hacia eventos, talleres etc; educa emprendedores y inversionistas en cuestiones de inversión de riesgo",No,Santiago,||,0,1,3,0.6,SCL213,0,0,1,0,1,3,0,3,5,0.359926,0.377234,0,0.043227,0.043232,0.001398,0,0,0.075438
Lo Barnechea Emprende,Lo Barnechea Emprende,,Lo Barnechea Emprende,Habilitador,https://www.lobarnechea.cl/lb-emprende/,Asociación civil especializada en emprendimiento,,,,||,0,1,3,0.6,SCL215,4,0,1,0,1,3,0,3,5,0.298003,0.316237,0,0.01569,0.01569,0.001553,0,0,0.028371
Magical Startups,Magical Startups,,Magical Startups,Habilitador,https://magicalstartups.com/,Incubadora/Aceleradora,aceleramos y financiamos a startups con alto potencial de crecimiento y expansión a nivel global.,No,Chile,||,0,1,3,0.6,SCL218,0,0,1,0,1,3,0,3,5,0.28869,0.303608,0,0.010383,0.010383,0.001601,0,0,0.018608
Magma Partners,Magma Partners,,Magma Partners,Habilitador,https://www.magmapartners.com/,Fondo de inversión,"Organismo que invierte en startups y scale ups tipo fintech, insurance tech and blockchain en latam y EEUU en las phases pre-seed, seed o A series; varias sucursales en latam y EEUU",No,Sanitago,||,0,1,3,0.6,SCL219,4,0,1,0,1,3,0,3,5,0.298003,0.316237,0,0.01569,0.01569,0.001553,0,0,0.028371
Manutara Ventures,Manutara Ventures,,Manutara Ventures,Habilitador,https://www.manutaraventures.com/,Fondo de inversión,"Fondo de Venture Capital Early Stage, enfocado en Etapa Late Seed / Pre Serie A que invierte en empresas tecnológicas con alto potencial de escalamiento internacional; foco en empresas de software (IT) y biotecnología",No,Santiago,||,0,2,3,1.2,SCL221,1,0,2,0,2,6,0,6,5,0.319605,0.344158,22.140278,0.024506,0.024506,0.00254,0,0,0.046759
Ministerio de Agricultura,Ministerio de Agricultura,,Ministerio de agricultura,Articulador,https://www.minagri.gob.cl/,Organismo Gubernamental,"La institución del Estado encargada de fomentar, orientar y coordinar la actividad silvoagropecuaria del país.",No,Santiago,||,0,2,4,1.6,SCL226,8,0,2,0,2,8,0,8,6,0.271709,0.282388,0,0.010204,0.010203,0.001266,0,0,0.019709
"Ministerio de Ciencia, Tecnología, Conocimiento e Innovación","Ministerio de Ciencia, Tecnología, Conocimiento e Innovación",,"Ministerio de Ciencia, Tecnología, Conocimiento e Innovación",Articulador,https://www.gob.cl/ministerios/ministerio-de-ciencia-tecnologia-conocimiento-e-innovacion/,Organismo Gubernamental,"Ministerio encargado de las políticas, planes y programas destinados a fomentar y fortalecer la ciencia, la tecnología y la innovación",No,Santiago,||,0,6,3.166667,3.8,SCL227,1,0.333333,6,0,6,19,0,19,5,0.356618,0.396564,136.893414,0.06901,0.069006,0.005888,0,5,0.130989
"Ministerio de Economía, Fomento y Turismo","Ministerio de Economía, Fomento y Turismo",,"Ministerio de Economía, Fomento y Turismo",Articulador,https://www.economia.gob.cl/,Organismo Gubernamental,"Ministerio encargado de promover la modernización y competitividad de la estructura productiva del país, la iniciativa privada y la acción eficiente de los mercados, el desarrollo de la innovación y la consolidación de la inserción internacional de la economía del país",No,Santiago,||,0,7,3.857143,5.4,SCL229,6,0.466667,7,0,7,27,0,27,4,0.398357,0.426546,88.178226,0.123765,0.123766,0.005531,0,7,0.221643
Ministerio de Educación,Ministerio de Educación,,Ministerio de Educación,Articulador,https://www.mineduc.cl/,Organismo Gubernamental,"Órgano rector del Estado encargado de fomentar el desarrollo de la educación y estimular la investigación científica y tecnológica y la creación artística, y la protección e incremento del patrimonio cultural de la nación",No,Santiago,||,0,2,3,1.2,SCL230,8,1,2,0,2,6,0,6,6,0.292169,0.314605,0,0.021345,0.021344,0.002484,0,1,0.040126
MISTI-MIT,MISTI-MIT,,MISTI-MIT,Habilitador,https://misti.mit.edu/,Universidad,Es un programa de educación internacional pionero.,MIT,Estados Unidos,||,0,1,3,0.6,SCL235,8,0,1,0,1,3,0,3,6,0.290419,0.30945,0,0.014358,0.014357,0.001611,0,0,0.026746
Mujeres del Pacífico,Mujeres del Pacífico,,Mujeres del Pacífico,Vinculador,https://home.mujeresdelpacifico.org/,Asociación civil especializada en emprendimiento,"Somos una organización internacional experta en emprendimiento femenino,",No,Chile,||,0,1,3,0.6,SCL237,0,0,1,0,1,3,0,3,5,0.28869,0.303608,0,0.010383,0.010383,0.001601,0,0,0.018608
Mujeres Empresarias Aceleradora,Mujeres Empresarias Aceleradora,,Mujeres Empresarias Aceleradora,Habilitador,https://www.me.cl/aceleradora,Incubadora/Aceleradora,La primera aceleradora de Negocios de Mujeres Empresarias del país; busca integrar la asesoría con financiamiento para potenciar los negocios liderados por mujeres de alto impacto y escalables,No,Santiago,||,0,1,3,0.6,SCL238,0,0,1,0,1,3,0,3,5,0.359926,0.377234,0,0.043227,0.043232,0.001398,0,0,0.075438
munistgo,munistgo,,Ilustre Municipalidad de Santiago,Articulador,https://www.munistgo.cl/,Organismo Gubernamental,Gobierno municipal de la comuna de Santiago,No,Santiago,||,0,1,4,0.8,SCL239,9,0,1,0,1,4,0,4,6,0.205726,0.217268,0,0.000295,0.000295,0.001644,0,0,0.002593
Noches Nerd,Noches Nerd,,Noches Nerd,Comunidad,https://www.nochesnerd.com/,Comunidad,Eventos en lugares públicos con speakers que comparten pláticas sobre temas de interés en un formato divertido pero a la vez intelectual,No,Santiago,||,0,1,3,0.6,SCL241,8,0,1,0,1,3,0,3,5,0.287407,0.302491,0,0.010003,0.010002,0.001629,0,0,0.018476
NXTP Labs,NXTP Labs,,NXTP Labs,Habilitador,https://www.nxtplabs.com/,Incubadora/Aceleradora,Empresa de emprendimiento en etapa inicial enfocada en generar un impacto positivo a escala en Latinoamérica travel de invertir en empresas de tecnología innovadoras; provee capital y mentoring a emprendedores,No,Santiago,||,0,1,3,0.6,SCL244,4,0,1,0,1,3,0,3,5,0.298003,0.316237,0,0.01569,0.01569,0.001553,0,0,0.028371
Observatorio tecnológico de la construcción,Observatorio tecnológico de la construcción,,Observatorio tecnológico de la construcción,Promotor,http://www.otcchile.cl/portal/,Otro (revisar),"plataforma de innovación de libre acceso con información tecnológica de frontera para la industria de la construcción; espacio donde los profesionales del sector trabajan juntos, colaboran y forman comunidades para innovar; apoyado por la CChC",No,Santiago,||,0,1,3,0.6,SCL245,0,0,1,0,1,3,0,3,6,0.267956,0.27878,0,0.010596,0.010594,0.001467,0,0,0.017931
Open beaucheff,Open beaucheff,,Open beaucheff,Habilitador,http://www.openbeauchef.cl/,Coworking,"ecosistema abierto de la Universidad de Chile, que busca instalar capacidades de innovación y emprendimiento en la, promover transferencia tecnológica, y acelerar a start ups; se compone del FABLAB (140), del OPENLab encargada de formación i+e, y una aceleradora",UC,Santiago,SantanderX|RedEmprendia|,0,1,3,0.6,SCL249,0,0,1,0,1,3,0,3,6,0.267956,0.27878,0,0.010596,0.010594,0.001467,0,0,0.017931
OTL UC,OTL UC,,Oficina de Transferencia y Licenciamiento de la Universidad de Chile,Habilitador,http://www.vid-cii.cl/innovacion/otl-uch-2-0/,Universidad,Oficina de Transferencia y Licenciamiento de la Universidad de Chile con el objeto de generar un modelo de trabajo colaborativo con entidades nacionales e internacionales para aumentar el número de tecnologías provenientes de la investigación aplicada,UC,Santiago,SantanderX|RedEmprendia|,0,2,4,1.6,SCL250,1,0,1,1,2,3,5,8,5,0.309904,0.331271,15.932738,0.015804,0.015803,0.002629,0,0,0.031768
Prochile,Prochile,,Prochile,Articulador,https://www.prochile.gob.cl/,Organismo Gubernamental,institución del Ministerio de Relaciones Exteriores encargada de la promoción de la oferta exportable de bienes y servicios chilenos,No,Santiago,||,0,2,3,1.2,SCL251,8,0,2,0,2,6,0,6,5,0.305512,0.328694,9.270292,0.021791,0.021789,0.002409,0,0,0.041292
ProteinLab UTEM,ProteinLab UTEM,,ProteinLab UTEM,Generador de Conocimiento,http://www.proteinlab.cl/home,Centro de innovación y/o diseño,"Centro de Innovación y Transferencia Tecnológica de la Universidad Tecnológica Metropolitana Investigación aplicada e interdisciplinaria en tecnologías digitales para la innovación de productos, servicios y aplicaciones",UTEM,Santiago,||,0,2,3,1.2,SCL252,5,1,1,2,3,5,2,7,6,0.274011,0.290808,0,0.005373,0.005373,0.003095,0,1,0.012786
PUCC,PUCC,,Pontificia Universidad Católica de Chile,Generador de Conocimiento,https://www.uc.cl/index.php,Universidad,"Universidad con oferta educativa en las artes y ciencias, arraigada en la mora católica",PUCC,Santiago,SantanderX|RedEmprendia|,0,15,3.866667,11.6,SCL253,3,0.288889,10,7,17,43,17,60,4,0.421739,0.456615,820.949383,0.169816,0.169815,0.008796,0,13,0.307517
PUCV,PUCV,,Pontificia Universidad Catolica de Valparaiso,Generador de Conocimiento,https://www.pucv.cl/,Universidad,Universidad con una oferta académica que abarca desde las humanidades hasta la ingeniería,PUCV,Valparaíso,||,1,2,4,1.6,SCL254,1,0.088889,0,11,11,0,37,37,5,0.382643,0.418471,898.689288,0.119264,0.119274,0.011514,0,4,0.216568
Pulso Social,Pulso Social,,Pulso Social,Promotor,https://pulsosocial.com/about/,Medio de comunicación,"Medio de communication en línea en donde se reportan noticias sobre emprendimiento, tecnología y social media en latam",No,Santiago,||,0,1,3,0.6,SCL255,0,0,1,0,1,3,0,3,5,0.359926,0.377234,0,0.043227,0.043232,0.001398,0,0,0.075438
Radio Pauta,Radio Pauta,,Radio Pauta,Promotor,https://www.pauta.cl/,Medio de comunicación,"Medio multiplataforma que incluye una estación de diario digital de propiedad de Voz Cámara SpA, empresa filial de la Cámara Chilena de la Construcción",No,Santiago,||,0,2,3.5,1.4,SCL257,3,0,1,1,2,3,4,7,5,0.294833,0.315808,14.485524,0.016857,0.016856,0.002586,0,0,0.031616
Radio zeta,Radio zeta,,Radio zeta,Promotor,https://radiozeta.cl/,Medio de comunicación,estacion de radio,No,Santiago,||,0,1,3,0.6,SCL258,5,0,1,0,1,3,0,3,5,0.278736,0.291581,0,0.006128,0.006128,0.001694,0,0,0.011765
Red GT,Red GT,,Red GT,Vinculador,https://www.redgt.org/,Red organizacional,"corporación sin fines de lucro que desarrolla propuestas y acciones tendientes a favorecer la transferencia tecnológica nacional, desde las universidades y organismos público-privados que generan I+D, al sector productivo",No,Valparaíso,||,0,2,3,1.2,SCL261,1,1,1,1,2,3,3,6,5,0.298921,0.320533,0,0.018082,0.01808,0.002648,0,1,0.035225
Revista Capital,Revista Capital,,Revista Capital,Promotor,https://www.capital.cl/,Medio de comunicación,publicación especializada en temas económicos y empresariales,No,Santiago,||,0,1,3,0.6,SCL265,0,0,1,0,1,3,0,3,5,0.359926,0.377234,0,0.043227,0.043232,0.001398,0,0,0.075438
Networker,Networker,,Revista de Emprendimiento Networker,Promotor,https://networker.cl/,Medio de comunicación,"Hub informativo del ecosistema emprendedor a nivel nacional, conformado por diversas plataformas",No,Santiago,||,0,1,3,0.6,SCL266,7,0,1,0,1,3,0,3,5,0.300775,0.321134,0,0.014428,0.014427,0.001485,0,0,0.028859
RT Electronics,RT Electronics,,RT Electronics,Habilitador,https://www.rtelectronics.cl/,Centro de innovación y/o diseño,Centro de desarrollo de aplicaciones de ingeniería eléctrica y mecánica,No,Santiago,||,1,1,3,0.6,SCL267,3,0.036364,5,7,12,17,27,44,5,0.375969,0.412457,1250.018416,0.088236,0.088242,0.013481,0,2,0.161445
Santander,Santander,,Banco Santander,Habilitador,https://www.santander.cl/,Otro (revisar),"Banco global y multinacional que proporciona productos y servicios de banca comercial para particulares, pymes y empresas. Cuenta con plataformas de inversión y de fondos, préstamos, entre otros.",No,Santiago,||,0,2,3.5,1.4,SCL268,6,0,2,0,2,7,0,7,5,0.280347,0.297337,2.318484,0.020622,0.02062,0.002173,0,0,0.035775
Santander Universidades,Santander Universidades,,Santander Universidades,Habilitador,https://santanderuniversidades.com.mx/,Otro (revisar),Fondo de inversión destinado a proyectos de colaboración con universidades y centros de investigación,No,Santiago,||,0,4,3.5,2.8,SCL269,4,0.833333,4,0,4,14,0,14,4,0.391919,0.417955,13.651373,0.086135,0.086139,0.00379,0,5,0.156256
Santiago Innova,Santiago Innova,,Santiago Innova,Habilitador,,Incubadora/Aceleradora,Dominio inexistente,,,||,1,2,3,1.2,SCL271,0,0.060606,1,14,15,3,47,50,4,0.384921,0.42268,1410.405132,0.163407,0.163423,0.013651,0,4,0.292607
Senado del Congreso Nacional,Senado del Congreso Nacional,,Senado del Congreso Nacional,Articulador,https://www.senado.cl/,Organismo Gubernamental,cámara alta del poder legislativo de Chile,No,Santiago,||,0,1,2,0.4,SCL273,8,0,1,0,1,2,0,2,6,0.248082,0.263144,0,0.003276,0.003276,0.001808,0,0,0.007632
SENCE,SENCE,,Servicio Nacional de Capacitación y Empleo,Articulador,https://sence.gob.cl/sence/acerca-de-sence,Organismo Gubernamental,Organismo público orientado a mejorar la empleabilidad y trayectoria profesional de los chilenos a través de la provisión de bienes públicos tal como capacidades institucionales para identificar y entender las necesidades y barreras de entrada de las personas frente al mercado del trabajo,No,Santiago,||,0,2,5,2,SCL275,4,0,2,0,2,10,0,10,6,0.27209,0.284364,0,0.019496,0.019494,0.001328,0,0,0.034217
SERCOTEC,SERCOTEC,,Servicio de Cooperación Técnica,Habilitador,https://www.sercotec.cl,Incubadora/Aceleradora,"Corporación privada, dependiente del Ministerio de Economía, Fomento y Turismo dedicada a la incubación de pequeñas y medianas empresas",No,Santiago,||,0,5,2.8,2.8,SCL276,6,0.1,5,0,5,14,0,14,4,0.329932,0.362973,81.394221,0.052026,0.052021,0.004589,0,1,0.093789
Simón de Cirene,Simón de Cirene,,Simón de Cirene,Habilitador,http://simondecirene.cl/,Consultora,Organización que busca acompañar a organizaciones y personas del tercer sector; ofrece programas de capacitación y acompañamiento a emprendedores y cursos y consultorías a organizaciones sociales,No,Satiago,||,1,2,4,1.6,SCL281,4,0.047619,3,7,10,11,28,39,5,0.373077,0.403866,641.828493,0.125474,0.125484,0.006568,0,1,0.223392
Sistema B,Sistema B,,Sistema B,Habilitador,https://sistemab.org/,Otro (revisar),organismo internacional con el objetivo de apoyar la construcción de ecosistemas favorables para Empresas B y otros actores económicos que utilizan la fuerza del mercado para dar solución a problemas sociales y ambientales,No,Santiago,||,0,2,2.5,1,SCL282,3,0,2,0,2,5,0,5,5,0.297546,0.317955,5.364064,0.021532,0.021531,0.002315,0,0,0.038814
Socialab,Socialab,,Socialab,Habilitador,https://socialab.com/cl/,Comunidad,Organización dedicada a la solución de problemas por medio de la organización de convocatorias masivas,No,Santiago,||,0,4,3,2.4,SCL283,5,0.166667,4,7,11,10,25,35,4,0.385686,0.419674,477.398112,0.078884,0.078887,0.009781,0,6,0.144899
Sofofa,Sofofa,,Sofofa,Vinculador,https://web.sofofa.cl/,Red organizacional,"Gremio que agrupa a 22 asociaciones empresariales de todas las regiones del país y a más de 160 empresas socias, con el objetivo de promover la industria manufacturera de Chile",No,Santiago,||,0,5,3,3,SCL285,1,0.5,5,0,5,15,0,15,4,0.356618,0.393041,97.382395,0.057009,0.057006,0.005071,0,5,0.11199
Start-Up Chile,Start-Up Chile,,Start-Up Chile,Habilitador,http://www.startupchile.org/es/inicio/,Incubadora/Aceleradora,Acelerador público de startups creado por el Gobierno de Chile para empresarios de alto potencial para poner en marcha sus startups; hoy en día uno de los aceleradores líderes en América Latina,No,Santiago,||,1,8,3.5,5.6,SCL286,6,0.163743,13,9,22,48,35,83,3,0.434004,0.481959,1476.01811,0.250218,0.250224,0.01649,0,28,0.449787
Startup Weekend,Startup Weekend,,Startup Weekend,Comunidad,http://startupweekend.cl/,Comunidad,Evento enfocado en entregar herramientas de innovación y trabajo colaborativo para el desarrollo de emprendimientos,No,Santiago,||,1,1,3,0.6,SCL287,6,0.051282,3,12,15,12,48,60,4,0.385686,0.424828,1159.527086,0.113814,0.11382,0.013498,0,4,0.206568
Sura Asset Management,Sura Asset Management,,Sura Asset Management,Habilitador,https://sura-am.com/,Fondo de inversión,"Compañía holding latinoamericana, con foco estratégico en el sector de servicios financieros diversos; propósito es crear bienestar y desarrollo sostenible para la sociedad",No,Santiago,||,0,1,5,1,SCL289,4,0,1,0,1,5,0,5,5,0.298003,0.316237,0,0.01569,0.01569,0.001553,0,0,0.028371
Techstars,Techstars,,Techstars,Habilitador,https://www.techstars.com/,Incubadora/Aceleradora,"Una red mundial que soporta nuevos emprendimientos, proporciona recursos para los empresarios y conecta a la comunidad",No,Santiago,||,0,2,5,2,SCL290,6,0,1,1,2,5,5,10,5,0.278736,0.292612,0,0.008842,0.008841,0.00159,0,0,0.016398
UANDES,UANDES,,Universidad de los Andes,Generador de Conocimiento,https://www.uandes.cl/,Universidad,Universidad privada inspirada en las enseñanzas del Opus Dei.,UANDES,Santiago,||,0,2,4,1.6,SCL293,1,0,0,1,1,0,5,5,5,0.293051,0.310481,0,0.008816,0.008816,0.001757,0,0,0.018388
UAutónoma,UAutónoma,,Universidad Autónoma,Habilitador,https://www.uautonoma.cl/,Universidad,Universidad privada,UAutónoma,Santiago,||,0,1,3,0.6,SCL294,3,0,1,0,1,3,0,3,5,0.281977,0.295189,0,0.007803,0.007802,0.001583,0,0,0.014827
UC,UC,,Universidad de Chile,Generador de Conocimiento,http://www.uchile.cl/,Universidad,"Universidad pública de mayor antigüedad en Chile, cuenta con más de 300 programas",UC,Santiago,SantanderX|RedEmprendia|,1,4,3.25,2.6,SCL295,8,0.222222,3,7,10,10,21,31,5,0.390342,0.427062,506.412323,0.089946,0.089951,0.010251,0,10,0.166509
UCD Venture Catalyst,UCD Venture Catalyst,,UC Davis Venture Catalyst,Habilitador,https://research.ucdavis.edu/offices/vc/,Universidad,Facilita la traducción de la investigación y la tecnología de la Universidad al impulsar el desarrollo de nuevas empresas,UC Davis,Estados Unidos,||,0,1,5,1,SCL297,1,0,1,0,1,5,0,5,5,0.287834,0.30232,0,0.008355,0.008355,0.001636,0,0,0.016191
UCN,UCN,,Universidad Católica del Norte,Habilitador,,Universidad,,UCN,,SantanderX||,0,1,3,0.6,SCL298,8,0,1,0,1,3,0,3,6,0.290419,0.30945,0,0.014358,0.014357,0.001611,0,0,0.026746
UDD,UDD,,Universidad del Desarrollo,Habilitador,https://www.udd.cl/en/,Universidad,universidad privada con la vocación por aportar al desarrollo del país con sedes en Santiago y concepción,UDD,"Santiago, Concepcion",||,0,3,4,2.4,SCL300,0,0.666667,1,2,3,3,9,12,4,0.378906,0.401632,20.022154,0.064739,0.064742,0.003216,0,2,0.116147
UDD Ventures,UDD Ventures,,UDD Ventures,Habilitador,https://uddventures.udd.cl/,Incubadora/Aceleradora,"Aceleradora de la Universidad del Desarrollo apoyando a emprendimientos innovadores de alto impacto con foco en retail, banca, e-commerce, salud, telco",UDD,Santiago,||,0,2,3.5,1.4,SCL301,7,0,1,1,2,3,4,7,5,0.318033,0.344759,12.774195,0.02548,0.025478,0.002375,0,0,0.050665
UFRO,UFRO,,Universidad de la Frontera,Generador de Conocimiento,https://www.ufro.cl/,Universidad,,UFRO,,||,0,1,5,1,SCL303,1,0,0,1,1,0,5,5,5,0.293051,0.310481,0,0.008816,0.008816,0.001757,0,0,0.018388
UFT,UFT,,Universidad Finis Terrae,Habilitador,https://uft.cl/,Universidad,Universidad privada y católica chilena,UFT,Santiago,||,0,1,4,0.8,SCL304,3,0,1,0,1,4,0,4,5,0.281977,0.295189,0,0.007803,0.007802,0.001583,0,0,0.014827
UNAB,UNAB,,Universidad Andrés Bello,Generador de Conocimiento,https://www.unab.cl/,Universidad,es una universidad privada chilena perteneciente a la red de universidades privadas Laureate International Universities.,UNAB,Chile,||,0,1,5,1,SCL305,1,0,0,1,1,0,5,5,5,0.293051,0.310481,0,0.008816,0.008816,0.001757,0,0,0.018388
Universidad Adolfo Ibañez,Universidad Adolfo Ibañez,,Universidad Adolfo Ibañez,Habilitador,https://www.uai.cl/,Universidad,"Universidad privada perteneciente a la Fundación Adolfo Ibáñez que ofrece carreras en derecho, psicología, periodismo y varias formas de ingeniería",Universidad Adolfo Ibañez,Santiago & Viña del Mar,||,0,3,3.333333,2,SCL308,0,0.666667,2,1,3,6,4,10,5,0.375969,0.40043,20.894871,0.062082,0.062086,0.003102,0,2,0.112072
Universidad de Concepción,Universidad de Concepción,,Universidad de Concepción,Habilitador,http://udec.cl/pexterno/,Universidad,Primera universidad regional del país; organizada como Corporación de Derecho Privado,Universidad de Concepción,Concepcion,||,0,3,2.666667,1.6,SCL310,3,0.333333,3,0,3,8,0,8,5,0.307937,0.334708,26.406248,0.025436,0.025434,0.003464,0,1,0.049206
Universidad Mayor,Universidad Mayor,,Universidad Mayor,Generador de Conocimiento,https://www.umayor.cl/um/vicerrectoria-investigacion/quienes-somos,Universidad,"Centro dedicado al desarrollo de los lineamientos estratégicos y políticas corporativas de investigación, innovación y creación artística en las diversas unidades académicas de la universidad",Universidad Mayor,Santiago,||,1,2,3,1.2,SCL311,7,0.063492,6,27,33,20,88,108,4,0.429204,0.494845,2550.360886,0.185725,0.18573,0.026076,0,24,0.356898
USACH,USACH,,Universidad de Santiago de Chile,Generador de Conocimiento,http://www.vridei.usach.cl/nuestras-autoridades,Universidad,"Organización dedicada a la generación y aplicación de políticas de investigación, así como a la coordinación de las acciones de la Universidad en materia de investigación científica",USACH,Santiago,||,1,4,3.5,2.8,SCL314,8,0.069264,3,20,23,12,71,83,5,0.408421,0.466581,2160.19461,0.184817,0.184828,0.022756,0,16,0.341277
USM,USM,,Universidad Técnica Federico Santa María,Habilitador,https://www.usm.cl/,Universidad,Universidad privada chilena,USM,Valparaiso,SantanderX||,0,2,3,1.2,SCL315,5,0,2,0,2,6,0,6,5,0.293939,0.312801,7.675433,0.013931,0.01393,0.002508,0,0,0.026593
UST,UST,,Universidad Santo Tomás,Habilitador,http://www.ust.cl/,Universidad,"La Universidad Santo Tomás, comúnmente llamada por sus siglas UST, es una universidad privada chilena fundada en 1988",UST,Santiago,||,0,1,4,0.8,SCL317,3,0,1,0,1,4,0,4,5,0.281977,0.295189,0,0.007803,0.007802,0.001583,0,0,0.014827
UTEM,UTEM,,Universidad Tecnológica Metropolitana,Generador de Conocimiento,https://www.utem.cl/universidad/acerca-de-la-utem/autoridades/mario-torres-alcayaga-2/,Universidad,Universidad pública enfocada en el ámbito de las ciencias y la ingeniería,UTEM,Santiago,||,0,2,4,1.6,SCL318,5,0,1,1,2,3,5,8,5,0.30941,0.33488,24.015296,0.019384,0.019382,0.002495,0,0,0.039675
UV,UV,,Universidad de Valparaíso,Habilitador,uv.cl,Universidad,Universidad pública,UV,Chile,|RedEmprendia|,0,1,5,1,SCL319,1,0,0,1,1,0,5,5,5,0.293051,0.310481,0,0.008816,0.008816,0.001757,0,0,0.018388
Wadhwani Foundation,Wadhwani Foundation,,Wadhwani Foundation,Habilitador,www.wfglobal.org/‎,Incubadora/Aceleradora,"Trabaja con Startups y PyMEs para establecer un plan de transformación que le permita a la empresa seleccionada, crecer aceleradamente sus ventas, mediante un esquema de consultoría y asesoría estratégica con coaches, consultores y otros miembros de la red",No,CDMX,||,0,1,3,0.6,SCL320,7,0,1,0,1,3,0,3,5,0.300775,0.321134,0,0.014428,0.014427,0.001485,0,0,0.028859
Wayra,Wayra,,Wayra,Habilitador,https://cl.wayra.co/,Incubadora/Aceleradora,Conecta a la empresa de telécomunicación Telefónica con disruptores tecnológicos para acelerar su negocio y para su escalamiento e internacionalización,No,Santiago,||,0,1,3,0.6,SCL321,4,0,1,0,1,3,0,3,5,0.298003,0.316237,0,0.01569,0.01569,0.001553,0,0,0.028371
We Americas,We Americas,,Red We Americas,Vinculador,http://www.redweamericas.org/,Red organizacional,Organismo creado y liderado por mujeres latinoamericanas que promueve el emprendimiento de género y crea programas y proyectos que fortalezcan a la mujer empresaria para impulsar sus negocios,No,Chile,||,0,1,3,0.6,SCL322,0,0,1,0,1,3,0,3,5,0.278336,0.291924,0,0.012695,0.012693,0.0016,0,0,0.022321
We Angels,We Angels,,We Angels Network,Habilitador,http://weangels.fixe.cl/,Otro (revisar),"We Angels Network seeks to strengthen the female entrepreneurial ecosystem through the articulation and operation of international financing networks, with shared methodologies and virtual communication.",No,Chile,||,0,1,3,0.6,SCL323,0,0,1,0,1,3,0,3,5,0.278336,0.291924,0,0.012695,0.012693,0.0016,0,0,0.022321
WEF,WEF,,Foro Económico Mundial,Vinculador,https://es.weforum.org/,Otro (revisar),"Organización internacional sin fines de lucro que funciona como plataforma para líderes de todos tipos de grupos de stakeholders (negocios, gobierno, sociedad civil) para facilitar la cooperación hacia soluciones de problemas globales",No,"Ginebra, CH",||,0,2,5,2,SCL324,9,0,2,0,2,10,0,10,6,0.205726,0.217268,0,0.00059,0.00059,0.001644,0,0,0.005186
WeWork,WeWork,,WeWork,Habilitador,https://www.wework.com/es-LA/l/santiago-de-chile,Coworking,Red transnacional de especios de coworking especializada en el acogimiento de startups,No,Santiago,||,0,2,3,1.2,SCL325,8,0,2,0,2,6,0,6,4,0.321192,0.345361,17.490371,0.02443,0.024429,0.002345,0,0,0.047335
YouNoodle,YouNoodle,,YouNoodle,Habilitador,https://younoodle.com/,Incubadora/Aceleradora,"Una plataforma para competencias de emprendimiento en todo el mundo. Con sede en san francisco y oficinas en MEXICO CITY, MONTREAL, SANTIAGO, BARCELONA",No,Chile,||,0,1,1,0.2,SCL328,6,0,1,0,1,1,0,1,4,0.303125,0.318729,0,0.019438,0.019437,0.001407,0,0,0.033718
