Id,Label,timeset,fullname,type,participation,avg strength,mentions,weight,id dir,url,description,indegree,outdegree,Degree,Eccentricity,closnesscentrality,harmonicclosnesscentrality,betweenesscentrality,modularity_class,componentnumber,strongcompnum,clustering,weighted indegree,weighted outdegree,Weighted Degree,Authority,Hub,triangles,eigencentrality
AGARED,AGARED,,AGARED,Linker,,3,1,0.6,HGO001,https://www.agared.org/,Red temática mexicana aprovechamiento integral sustentable y biotecnología de los agaves,1,0,1,5,0.287037,0.303629,0,1,0,0,0,1,0,1,0.0107,0.0107,0,0.02333
AMMJE,AMMJE,,Asociación Mexicana de Mujeres Jefas de Empresas,Linker,,5,1,1,HGO002,http://ammje.mx/consejo-nacional,"Organización que agrupa a mujeres empresarias, propietarias o accionistas que participan en la operación de micro, pequeñas, medianas y grandes empresas",0,1,1,5,0.288372,0.306855,0,6,0,57,0,0,5,5,0.016352,0.016352,0,0.034683
BNI,BNI,,Business Network Internacional,Linker,,4,1,0.8,HGO003,https://www.bni.com/,Empresa que ayuda a crecer negocios mediante programas de mercadotecnia.,0,1,1,6,0.240777,0.256183,0,6,0,58,0,0,4,4,0.004849,0.004849,0,0.012927
Business As Unusual,Business As Unusual,,Business As Unusual,Enabler,,3,1,0.6,HGO004,http://unusual.business/es/,Agencia human-centered de consultoría en innovación Y desarrollo de startups-,1,0,1,5,0.279279,0.297312,0,3,0,39,0,3,0,3,0.007955,0.007955,0,0.018735
Calpulli,Calpulli,,Asesores y Consultores Calpulli,Enabler,,5,1,1,HGO005,http://www.calpulli.org.mx/,Empresa dedicada al fortalecimiento de las empresas e instituciones.,0,1,1,5,0.295943,0.316263,0,8,0,59,0,0,5,5,0.018587,0.018588,0,0.038127
CANACINTRA Pachuca,CANACINTRA Pachuca,,"Cámara Nacional de la Industria de Transformación, Pachuca",Linker,,2.909091,11,6.4,HGO006,http://www.canacintrapachuca.mx/,Busca también promover acciones tanto del gobierno como de otros organismos empresariales que puedan contribuir a mejorar la actividad industrial,9,3,12,4,0.424658,0.468414,505.569675,6,0,52,0.138889,28,3,31,0.150648,0.150655,5,0.328985
CANACO Pachuca,CANACO Pachuca,,Cámara Nacional de Comercio y Turismo de Pachuca,Linker,,3,3,1.8,HGO007,http://canacopachuca.org/,"Institución que representa, defiende y promueve a las empresas del comercio, los servicios y el turismo",3,0,3,4,0.363636,0.393817,13.045353,1,0,14,0.333333,9,0,9,0.080248,0.08025,1,0.164898
CANIRAC,CANIRAC,,Cámara Nacional de la Industria de Restaurantes y Alimentos Condimentados,Linker,,4,1,0.8,HGO008,http://www.canirac.org.mx/,"Organización empresarial de carácter nacional que representa, integra, capacita, promueve y defiende los intereses de la industria Restaurantera",1,0,1,5,0.288372,0.306855,0,6,0,55,0,4,0,4,0.016352,0.016352,0,0.034683
Casa México,Casa México,,Casa México,Promoter,,1,1,0.2,HGO009,http://casamexicosxsw.com.mx/,"Plataforma para presentar las propuestas de Mexico en el Festival SXSW, facilitando la participación de emprendedores mexicanos, conectando con inversionistas potenciales.",1,0,1,5,0.279279,0.297312,0,3,0,36,0,1,0,1,0.007955,0.007955,0,0.018735
CCEH,CCEH,,Consejo Coordinador Empresarial del Estado de Hidalgo,Linker,1,3.727273,11,8.2,HGO010,http://cceh.mx/,El Consejo Coordinador Empresarial del Estado de Hidalgo es la Cúpula Empresarial que agrupa a las principales Cámaras y Asociaciones del Estado,13,9,22,4,0.473282,0.532258,1019.990843,1,0,52,0.150327,53,34,87,0.330788,0.330798,23,0.694876
CECyTE HGO,CECyTE HGO,,Colegio de Estudios Científicos y Tecnológicos del Estado de Hidalgo,Enabler,1,3,1,0.6,HGO011,http://www.cecyteh.edu.mx/,Institución de edudación media superior,4,12,16,3,0.427586,0.481183,947.113817,1,0,52,0.043956,20,58,78,0.168166,0.168166,4,0.359611
Centro Emprendimiento COBAEH,Centro Emprendimiento COBAEH,,Centros de Emprendimiento del Colegio de Bachilleres del Estado De Hidalgo,Enabler,1,3,2,1.2,HGO012,https://www.cobaeh.edu.mx/,Institución de educación media superior,1,0,1,4,0.350282,0.372312,0,1,0,46,0,1,0,1,0.042758,0.04276,0,0.087956
CGUTYP,CGUTYP,,Coordinación General de Universidades Tecnológicas y Politécnicas,Linker,,4.333333,3,2.6,HGO013,http://cgutyp.sep.gob.mx/,Dirige y coordina la prestación del servicio de educación superior en las universidades tecnológicas y politécnicas,3,1,4,4,0.313924,0.34543,15.523808,2,0,52,0.333333,7,5,12,0.032517,0.032519,1,0.071636
CIAJ,CIAJ,,Cámara de la Industria Alimenticia de Jalisco,Linker,,4,1,0.8,HGO014,http://www.ciaj.org.mx/,"Agrupa, une y representa a empresas dedicadas a la elaboracion, transformacion y enpaque de alimentos para consumo humano",1,0,1,4,0.350282,0.372312,0,1,0,45,0,4,0,4,0.042758,0.04276,0,0.087956
CIATEJ,CIATEJ,,Centro de Investigación y Asistencia en Tecnología y Diseño del Estado de Jalisco,Knowledge Generator,,3,1,0.6,HGO015,https://ciatej.mx/,"Centro de Investigación que pertenece a la Coordinación de Medio Ambiente, Salud y Alimentación del Sistema de Centros Públicos de Investigación (CPI).",1,0,1,5,0.287037,0.303629,0,1,0,10,0,1,0,1,0.0107,0.0107,0,0.02333
CIATEQ HGO,CIATEQ HGO,,"Centro de Tecnología Avanzada, Hidalgo",Knowledge Generator,,2.25,4,1.8,HGO016,https://www.ciateq.mx/,"Centro publico especializado en manufactura y procesos indistruales,prestando estos servicios a distintos proyectos.",4,0,4,4,0.373494,0.407258,33.731629,4,0,9,0.333333,7,0,7,0.074839,0.074843,2,0.159466
CICAINTE,CICAINTE,,"Centro de Investigación, Capacitación e Innovación en Tecnologías para la Educación",Enabler,1,3.5,2,1.4,HGO017,http://cicainte.com.mx,"Empresa multidisciplinaria comprometida con la educación y los negocios, apoyados en las tecnologías de la información y comunicación, que ofrece una variedad de productos y servicios integrales",1,6,7,5,0.344444,0.382527,252.154023,7,0,52,0.142857,4,6,10,0.075369,0.075364,3,0.162099
CIIMMATH,CIIMMATH,,Centro de Innovación Italo-Mexicano en Manufactura de Alta Tecnología Hidalgo,Knowledge Generator,,2,1,0.4,HGO018,http://ciimmath.org.mx,"Asociación civil, que promueve a nivel estatal, regional, nacional e internacional la creación de Laboratorios y Centros de Innovación",1,0,1,4,0.350282,0.372312,0,1,0,44,0,2,0,2,0.042758,0.04276,0,0.087956
CINVESTAV,CINVESTAV,,Centro de Investigación y de Estudios Avanzados,Knowledge Generator,,3.5,2,1.4,HGO019,https://www.cinvestav.mx/,Institucion lider en la formacion de investigadores de dalto nivel y generacion de conocmiento cientifico y tecnologico de frontera.,2,0,2,4,0.305419,0.333333,7.826407,0,0,8,0,5,0,5,0.027243,0.027243,0,0.058591
CITNOVA,CITNOVA,,"Consejo de Ciencia, Tecnología e Innovación de Hidalgo",Articulator,,3.823529,17,13,HGO020,http://citnova.hidalgo.gob.mx/,Organismo que fomenta el desarrollo científico y tecnológico en el estado de Hidalgo,16,2,18,4,0.447653,0.495968,666.037003,7,0,52,0.151515,53,9,62,0.229187,0.2292,10,0.492151
Ciudad del Conocimiento,Ciudad del Conocimiento,,Ciudad del Conocimiento,Enabler,,4,1,0.8,HGO021,http://ciudaddelconocimiento.hidalgo.gob.mx/,"Tecnopolo que concentra universidades con programas de alta calidad académica, empresas intensivas en ciencia y tecnología, vinculadas con centros de investigación, desarrollo e innovación (I+D+i).",1,0,1,5,0.288372,0.306855,0,6,0,54,0,4,0,4,0.016352,0.016352,0,0.034683
CMIC,CMIC,,Cámara Mexicana de la Industria de la Construcción,Linker,,3,2,1.2,HGO022,http://www.cmic.org/,"Representar los intereses de los industriales de la construcción a través del análisis de los procedimientos de contratación de obra pública, y seguimiento al presupuesto federal y estatal",2,0,2,4,0.35942,0.387097,0,4,0,43,1,4,0,4,0.059936,0.059939,1,0.125085
CMPL,CMPL,,Centro Mexicano para la Producción Más Limpia,Knowledge Generator,,4,1,0.8,HGO023,http://www.cmpl.ipn.mx,"Centro de investigacion y de negocios, que capacita y ofrece soluciones eco-inovadoras a empresas.",1,0,1,5,0.29108,0.311962,0,0,0,48,0,4,0,4,0.016542,0.016543,0,0.035261
CNITV,CNITV,,Centro Nacional de Innovación Textil y del Vestido,Knowledge Generator,,1,1,0.2,HGO024,,Centro impulsado por CITNOVA para estimular la innovación en la industria textil y de vestido,1,0,1,5,0.288372,0.306855,0,6,0,53,0,1,0,1,0.016352,0.016352,0,0.034683
Comunicación Social SEPH,Comunicación Social SEPH,,Departamento de Comunicación Social de la Secretaría de Educación Pública de Hidalgo,Promoter,,4,1,0.8,HGO025,http://sep.hidalgo.gob.mx/content/comunicacionsocial.html,Departamento de comunicación social,1,0,1,5,0.295943,0.316263,0,8,0,26,0,4,0,4,0.018587,0.018588,0,0.038127
CONACYT,CONACYT,,Consejo Nacional de Ciencia y Tecnología,Articulator,,3.428571,7,4.8,HGO026,https://www.conacyt.gob.mx/,"Entidad mexicana encargada de promover actividades científicas y tecnológicas, establecer políticas gubernamentales para estos asuntos y otorgar becas para estudios de posgrado.",7,0,7,4,0.347339,0.395161,126.053045,4,0,17,0.133333,22,0,22,0.074932,0.074937,2,0.168235
COPARMEX HGO,COPARMEX HGO,,"Confederación Patronal de la República Mexicana, Hidalgo",Linker,,3.142857,7,4.4,HGO027,http://www.coparmexhidalgo.org.mx/identidad/,Vinculacion y representacion de interes de los empresarios de Hidalgo,6,1,7,4,0.386293,0.423387,181.836604,6,0,52,0.3,19,1,20,0.103815,0.103818,3,0.225239
Cuerpos Académicos UPP,Cuerpos Académicos UPP,,Cuerpos Académicos de la Universidad Politécnica de Pachuca,Community,,4,1,0.8,HGO028,http://www.upp.edu.mx/posgrado/index.php/cuerpos-academicos,Comunidad de Cuerpos Académicos de la Universidad Politécnica de Pachuca,1,0,1,4,0.288372,0.309812,0,2,0,51,0,4,0,4,0.019778,0.01978,0,0.042905
DEC del IPN,DEC del IPN,,Dirección de Educación Continua del IPN,Enabler,,3,1,0.6,HGO029,https://www.educacioncontinua.ipn.mx/,Red de Centros de Eduación Continua,0,1,1,4,0.291765,0.310484,0,4,0,60,0,0,3,3,0.017178,0.017179,0,0.037129
DigiPlastic Industries,DigiPlastic Industries,,DigiPlastic Industries,Enabler,,3,1,0.6,HGO030,http://digiplastic.com/,Grupo de tecnólogos creativos dedicados a crear experiencias que conectan consumidores y marcas-,0,1,1,4,0.291765,0.310484,0,4,0,61,0,0,3,3,0.017178,0.017179,0,0.037129
Dir. Innovación y Posgrado UPP,Dir. Innovación y Posgrado UPP,,"Dirección de Investigación, Innovación y Posgrado de la Universidad Politécnica de Pachuca",Knowledge Generator,,5,1,1,HGO031,http://www.upp.edu.mx/posgrado/,Formación de recursos humanos altamente especializados y en áreas prioritarios del estado y del país,1,0,1,4,0.288372,0.309812,0,2,0,50,0,5,0,5,0.019778,0.01978,0,0.042905
Doppler Email MKT,Doppler Email MKT,,Doppler Email Marketing,Enabler,,5,1,1,HGO032,https://www.fromdoppler.com/,Herramienta de Correo y Automatización de Marketing.,0,1,1,5,0.287703,0.30672,0,5,0,62,0,0,5,5,0.014621,0.014621,0,0.030604
Dpto. Vinculación CECyTE HGO,Dpto. Vinculación CECyTE HGO,,Departamento de Vinculación con el Sector Productivo CECyTE HGO,Linker,,5,1,1,HGO033,N/A,"Vincular a la comunidad estudiantil y al personal docente y administrativo, con el sector productivo de bienes y servicios, público y privado.",1,0,1,4,0.300242,0.318548,0,1,0,23,0,5,0,5,0.015103,0.015103,0,0.032655
El Sol de Hidalgo,El Sol de Hidalgo,,El Sol de Hidalgo,Promoter,,2.666667,3,1.6,HGO034,https://www.elsoldehidalgo.com.mx/,"El periódico más importante del estado, con las mejores noticias oportunas del estado",2,1,3,4,0.349296,0.381048,10.960892,4,0,52,0.666667,7,1,8,0.059238,0.059237,2,0.124931
Embajada US,Embajada US,,Embajada de Estados Unidos,Promoter,,5,1,1,HGO035,https://mx.usembassy.gov/es/,Enbajada de los Estados Unidos en Mexico,1,0,1,6,0.251012,0.265995,0,8,0,7,0,5,0,5,0.007782,0.007782,0,0.016245
ENCB,ENCB,,Escuela Nacional de Ciencias Biológicas,Knowledge Generator,,4,1,0.8,HGO036,www.encb.ipn.mx,"Formacion de RRHH para el estudio y manejo de sistemas, organismos y procesos biologicos.",1,0,1,5,0.29108,0.311962,0,0,0,47,0,4,0,4,0.016542,0.016543,0,0.035261
Epic Queen HGO,Epic Queen HGO,,Epic Queen Hidalgo,Community,,2,1,0.4,HGO037,http://www.epicqueen.com,La comunidad de Epic Queen Pachuca busca acercar e involucrar a más mujeres en la tecnología a través de diferentes industrias,1,0,1,5,0.287703,0.30672,0,5,0,30,0,2,0,2,0.014621,0.014621,0,0.030604
Fixter,Fixter,,Fixter,Community,,1,1,0.2,HGO038,http://www.fixter.org/,"Centro tecnológico, de innovación y desarrollo de software.",1,0,1,5,0.287703,0.30672,0,5,0,29,0,1,0,1,0.014621,0.014621,0,0.030604
FPNT,FPNT,,Fundación del Premio Nacional de Tecnología,Enabler,,3,1,0.6,HGO039,http://fpnt.org.mx/,Asociación que impulsa la gestión de la tecnología e innovación a través de diferentes líneas de acción estratégicas que contribuyen a la competitividad de las organizaciones y el país.,1,0,1,6,0.256729,0.272581,0,7,0,19,0,1,0,1,0.006768,0.006769,0,0.01515
FRACTAL TV,FRACTAL TV,,FRACTAL TV,Promoter,,3,1,0.6,HGO040,https://noticieros.televisa.com/programas/fractal/,Programa de TV,0,1,1,5,0.279279,0.297312,0,3,0,63,0,0,3,3,0.007955,0.007955,0,0.018735
Fundación Persiste,Fundación Persiste,,Fundación Persiste,Enabler,,5,1,1,HGO041,http://www.persiste.org/,"Organización que contribuye al desarrollo de talento de las niñas, niños y jóvenes mexicanos, inculcando el interés por la ciencia, tecnología e ingeniería.",0,1,1,4,0.300242,0.318548,0,1,0,64,0,0,5,5,0.015103,0.015103,0,0.032655
Gaceta Politécnica,Gaceta Politécnica,,Gaceta Politécnica,Promoter,,1,1,0.2,HGO042,http://www.ipn.mx/CCS/Paginas/principal.aspx,"Unidad responsable de difundir e informar de manera oficial, clara y oportuna el quehacer académico, científico, tecnológico, cultural y deportivo del Instituto Politécnico Nacional",0,1,1,5,0.29108,0.311962,0,0,0,65,0,0,1,1,0.016542,0.016543,0,0.035261
Gob. Chilcuatla,Gob. Chilcuatla,,Presidencia Municipal de Chilcuautla,Articulator,,4,1,0.8,HGO043,http://chilcuautla.hidalgo.gob.mx/,Presidencia Municipal de Chilcuautla,0,1,1,5,0.293144,0.313978,0,4,0,70,0,0,4,4,0.012987,0.012987,0,0.028972
Gob. HGO,Gob. HGO,,Gobierno del Estado de Hidalgo,Articulator,,4.2,5,4.2,HGO044,http://www.hidalgo.gob.mx/,Gobierno Estatal,5,0,5,4,0.3769,0.415323,75.989919,0,0,12,0.2,21,0,21,0.075508,0.075512,2,0.160392
Gob. Mineral de la Reforma,Gob. Mineral de la Reforma,,Presidencia Municipal de Mineral de la Reforma,Articulator,,5,1,1,HGO045,http://www.mineraldelareforma.gob.mx/,Presidencia Municipal de Mineral de la Reforma,0,1,1,4,0.288372,0.309812,0,2,0,71,0,0,5,5,0.019778,0.01978,0,0.042905
Gob. Pachuca,Gob. Pachuca,,Presidencia Municipal de Pachuca,Articulator,,4,1,0.8,HGO046,http://www.pachuca.gob.mx/lacasadetodos/,Presidencia Municipal de Pachuca,0,1,1,5,0.293144,0.313978,0,4,0,72,0,0,4,4,0.012987,0.012987,0,0.028972
Gob. Tlahuelilpan,Gob. Tlahuelilpan,,Presidencia Municipal de Tlahuelilpan,Articulator,,5,1,1,HGO047,https://www.tlahuelilpan-hidalgo.com.mx/,Presidencia Municipal de Tlahuelilpan,0,1,1,5,0.293144,0.313978,0,4,0,73,0,0,5,5,0.012987,0.012987,0,0.028972
Gob. Zempoala,Gob. Zempoala,,Presidencia Municipal de Zempoala,Articulator,,5,1,1,HGO048,http://zempoalagob.mx/,Presidencia Municipal de Zempoala Hidalgo,0,1,1,4,0.288372,0.309812,0,2,0,74,0,0,5,5,0.019778,0.01978,0,0.042905
GOB.MX,GOB.MX,,Gobierno Federal,Articulator,,5,1,1,HGO049,https://www.gob.mx/gobierno,Gobierno Federal,1,0,1,5,0.262712,0.274597,0,0,0,11,0,5,0,5,0.005167,0.005167,0,0.011317
Grupo Educare,Grupo Educare,,Grupo Educare,Enabler,,3,1,0.6,HGO050,http://www.grupoeducare.com,Centro de investigación que desarrolla soluciones educativas de calidad basadas en la innovación y la tecnología con el objetivo de mejorar la educación en el mundo.,1,0,1,6,0.256729,0.272581,0,7,0,18,0,1,0,1,0.006768,0.006769,0,0.01515
Hub Incubasi,Hub Incubasi,,Hub Incubasi,Enabler,,4,1,0.8,HGO051,https://www.hubincubasi.com.mx/,Espacio de coworking en Pachuca Hidalgo,0,1,1,5,0.287703,0.30672,0,5,0,75,0,0,4,4,0.014621,0.014621,0,0.030604
ICATHI,ICATHI,,Instituto de Capacitación para el Trabajo del Estado de Hidalgo,Enabler,,5,1,1,HGO052,https://www.icathi.edu.mx/,"Capacitación para y en el trabajo, así como servicios pertinentes y de calidad, con eficiencia y eficacia.",1,0,1,4,0.350282,0.372312,0,1,0,42,0,5,0,5,0.042758,0.04276,0,0.087956
IEEGL,IEEGL,,Instituto de Emprendimiento Eugenio Garza Lagüera,Enabler,,5,1,1,HGO053,http://ide.itesm.mx/,Desarrollo de habilidades emprendedoras,1,0,1,5,0.279279,0.297312,0,3,0,34,0,5,0,5,0.007955,0.007955,0,0.018735
IHCE,IHCE,,Instituto Hidalguense de Competitividad Empresarial,Articulator,1,3.615385,13,9.4,HGO054,http://www.ihce.gob.mx/,"Organismo público descentralizado, que tiene como objetivo generar prosperidad entre la comunidad hidalguense a través de la creación y desarrollo de empresas en Hidalgo",21,24,45,3,0.536797,0.616935,3207.895801,1,0,52,0.062185,59,70,129,0.476128,0.476108,37,1
IMNC,IMNC,,Instituto Mexicano de Normalización y Certificación,Enabler,,3,1,0.6,HGO055,https://www.imnc.org.mx/,"Organizmo de certificacion y normalización de la rama industrial, comercial y de servicios.",0,1,1,4,0.291765,0.310484,0,4,0,76,0,0,3,3,0.017178,0.017179,0,0.037129
Impact Hub,Impact Hub,,Impact Hub,Community,,3,1,0.6,HGO056,https://impacthub.net/,Red mundal enfocada en la construcción de comunidades empresariales,1,0,1,5,0.295943,0.316263,0,8,0,25,0,3,0,3,0.018587,0.018588,0,0.038127
Impulso Joven,Impulso Joven,,Impulso Joven AC,Enabler,,5,2,2,HGO057,https://www.facebook.com/pg/IMPJOV.AC,Asociación civil que busca generar una concientización responsable en el cuidado ambiental y apoyar a las personas que más lo necesitan,2,0,2,6,0.240777,0.256183,0,6,0,38,0,10,0,10,0.009698,0.009699,0,0.025853
Impulso Rosa,Impulso Rosa,,Impulso Rosa,Enabler,,5,1,1,HGO058,http://www.impulsorosa.org/,Impulsora de proyectos de mujeres.,0,1,1,5,0.288372,0.306855,0,6,0,77,0,0,5,5,0.016352,0.016352,0,0.034683
INADEM,INADEM,,Instituto Nacional del Emprendedor,Articulator,,4.583333,12,11,HGO059,https://www.inadem.gob.mx/,"Organismo público creado para fomentar y apoyar a los emprendedores y a las micro, pequeñas y medianas empresas en Mexico",12,0,12,4,0.427586,0.469086,480.33713,2,0,5,0.142857,53,0,53,0.257111,0.257127,4,0.541143
Incrementa CRM,Incrementa CRM,,Incrementa CRM,Enabler,,5,1,1,HGO060,https://incrementacrm.com/,Software CRM,1,0,1,5,0.287703,0.30672,0,5,0,28,0,5,0,5,0.014621,0.014621,0,0.030604
Incubadora ITESM,Incubadora ITESM,,Incubadora de Empresas del Tecnológico de Monterrey en Hidalgo,Enabler,1,3,2,1.2,HGO061,http://www.itesm.mx/wps/wcm/connect/Campus/HGO/Hidalgo/Incubadora+de+empresas,"Plataforma de impulso a la creación y desarrollo de negocios que provee a los emprendedores las condiciones necesarias para facilitar la generación de una nueva empresa,",2,9,11,4,0.386293,0.435484,732.581726,3,0,52,0.054545,5,22,27,0.088577,0.088578,3,0.19417
Incubadora ITSOEH,Incubadora ITSOEH,,Incubadora del Instituto Tecnológico Superior del Occidente del Estado de Hidalgo,Enabler,1,3,1,0.6,HGO062,http://www.itsoeh.edu.mx/front/incubadora.html,"Impulsora de desarrollo de empresas sustentables, competitivas y socialmente responsables .",4,12,16,4,0.413333,0.475134,941.808659,4,0,69,0.033333,16,35,51,0.144609,0.144606,4,0.31195
Incubadora Social UAEH,Incubadora Social UAEH,,"Incubadora Social, de Alto impacto y Tradicional de la Universidad Autónoma del Estado de Hidalgo",Enabler,,4.333333,3,2.6,HGO063,https://www.uaeh.edu.mx/adminyserv/gesuniv/div_vin/dir_socprod/incubadora_social.html,"Incubadora encaminada a la formación de proyectos sociales e inclusivos, los cuales son empresas que utilizan el mercado para alcanzar un cambio social en beneficio de la población vulnerada",2,1,3,4,0.356322,0.382392,41.334606,7,0,78,0,10,1,11,0.053112,0.053116,0,0.11298
Incubadora UAEH,Incubadora UAEH,,Incubadora de la Universidad Autónoma del Estado de Hidalgo,Enabler,,5,1,1,HGO064,https://www.uaeh.edu.mx/adminyserv/gesuniv/div_vin/dir_socprod/centro_incubador.html,Conjunto de servicios para el desarrollo  de proyectos emprendedores productivos. Incluye la orientación y asesoría de consultores expertos,1,0,1,5,0.287703,0.30672,0,5,0,27,0,5,0,5,0.014621,0.014621,0,0.030604
Incubadora UPP,Incubadora UPP,,Incubadora UPP,Enabler,,3,1,0.6,HGO065,http://www.upp.edu.mx/upinnem/,Centro de incubación y negocios de la Universidad Politécnica,0,1,1,4,0.350282,0.372312,0,1,0,79,0,0,1,1,0.042758,0.04276,0,0.087956
Incubadora UTEC TGO,Incubadora UTEC TGO,,Incubadora de la Universidad Tecnológica de Tulancingo,Enabler,,2,1,0.4,HGO066,https://www.utectulancingo.edu.mx/copia-de-udice-informacion,Unidad especializada en incubación de empresas de la UT Tulancingo.,1,0,1,4,0.350282,0.372312,0,1,0,41,0,2,0,2,0.042758,0.04276,0,0.087956
INECUH,INECUH,,Universidad Instituto Educativo y Cultural Hidalgo,Enabler,1,3,1,0.6,HGO067,http://www.inecuh.edu.mx/,"Institución Educativa en los niveles Medio Superior, Superior y Posgrado",0,7,7,5,0.339726,0.372849,147.398457,4,0,81,0,0,16,16,0.0468,0.046797,0,0.107623
IPN,IPN,,Instituto Politécnico Nacional,Enabler,,1,1,0.2,HGO068,http://www.ipn.mx,"Institución pública mexicana de investigación y educación en niveles medio superior, superior y postgrado, también ofrece servicios de incubación y aceleración a empresas.",1,0,1,6,0.254098,0.268414,0,4,0,80,0,1,0,1,0.004203,0.004203,0,0.011051
ITESA,ITESA,,Instituto Tecnológico Superior del Oriente del Estado de Hidalgo,Enabler,,2,1,0.4,HGO069,http://www.itesa.edu.mx/,Institución pública de educación a niveles superior,0,1,1,4,0.350282,0.372312,0,1,0,82,0,0,2,2,0.042758,0.04276,0,0.087956
ITPachuca (AI),ITPachuca (AI),,"Instituto Tecnológico de Pachuca, Area de Investigación",Knowledge Generator,1,3,1,0.6,HGO070,http://www.itpachuca.edu.mx,Institución pública de educación a niveles superior,5,12,17,3,0.410596,0.465054,578.235216,4,0,52,0.065934,15,45,60,0.191284,0.191277,6,0.411677
ITSOEH (AI),ITSOEH (AI),,"Instituto Tecnológico Superior del Occidente del Estado de Hidalgo, Area de Investigación",Knowledge Generator,1,3,1,0.6,HGO071,www.itsoeh.edu.mx,Institución pública de educación a niveles superior,1,7,8,5,0.334232,0.368683,135.001829,8,0,52,0.066667,5,27,32,0.086654,0.086649,1,0.179333
Jóvenes Emprendedores HGO,Jóvenes Emprendedores HGO,,Jóvenes Emprendedores de Hidalgo,Community,,3,1,0.6,HGO072,https://www.facebook.com/JovenesEmprendedorespachucaAC/,Comunidad que busca brindar herramientas que propicien el emprendimiento joven,0,1,1,4,0.350282,0.372312,0,1,0,83,0,0,1,1,0.042758,0.04276,0,0.087956
Kuman,Kuman,,Grupo Comercial Kuman,Enabler,,5,1,1,HGO073,http://www.kuman.es/,Expertos en formación directiva y comercial.,0,1,1,5,0.322078,0.341129,0,1,0,84,0,0,5,5,0.029709,0.029707,0,0.060698
Maker Space Huichapan,Maker Space Huichapan,,Maker Space Huichapan,Enabler,,5,1,1,HGO074,N/A,"Inaugurado como ""Maya Maker Space"", es un espacio para hacedores dentro del Centro Comunitario de Huichapan, y que forma parte de las iniciativas de COMEX.",1,0,1,5,0.274945,0.288978,0,8,0,85,0,5,0,5,0.006838,0.006838,0,0.014806
Marketiin Revista,Marketiin Revista,,Marketiin Revista,Promoter,,4,1,0.8,HGO075,,"Comunidad de mercadólogos presente en más de 17 países de habla hispana en diferentes medios sociales, su aplicación móvil y su portal soymercadólogo.com",1,0,1,6,0.244576,0.259005,0,7,0,86,0,4,0,4,0.005177,0.005178,0,0.012512
Mercoco,Mercoco,,Mercoco,Promoter,1,3,1,0.6,HGO076,https://www.mercoco.com/,"Mercadotecnia, Comunicacion y Colaboración.",0,7,7,5,0.322917,0.35457,155.619446,7,0,87,0,0,30,30,0.057656,0.057651,0,0.127321
MIT EF México,MIT EF México,,MIT Enterprise Forum México,Linker,,5,1,1,HGO077,http://www.mitefmexico.org/,Crea y fortalece redes de emprendedores globales.,1,0,1,4,0.300242,0.318548,0,1,0,22,0,5,0,5,0.015103,0.015103,0,0.032655
NAFIN,NAFIN,,Nacional Financiera,Enabler,,3,1,0.6,HGO078,https://www.nafin.com,"Programas Empresariales, Crédito Joven, Capacitación Empresarial y Asistencia Tecnica",1,0,1,4,0.350282,0.372312,0,1,0,40,0,1,0,1,0.042758,0.04276,0,0.087956
Networking Hidalgo,Networking Hidalgo,,Networking Hidalgo,Community,1,2.333333,3,1.4,HGO079,https://www.meetup.com/es/NetworkingHidalgo,"Comunidad que ayuda a crear ""Alianzas de Negocio"" para hacer a crecer a las empresa",6,8,14,4,0.402597,0.455645,847.301787,5,0,52,0.090909,25,25,50,0.1628,0.162803,6,0.340523
Nivea YBT,Nivea YBT,,Nivea YBT,Enabler,,5,1,1,HGO080,https://www.youngbusinesstalents.com/,Simulador empresarial que te permitirá practicar tomando todo tipo de decisiones dentro de una empresa.,1,0,1,4,0.300242,0.318548,0,1,0,21,0,5,0,5,0.015103,0.015103,0,0.032655
OBSUPP,OBSUPP,,Operadora de Bienes y Servicios de la Universidad Politécnica de Pachuca,Enabler,,3,3,1.8,HGO081,http://www.otc-obsupp.mx/,"Servicios de innovación tecnológica para resolver problemas específicos de su entorno, en conocimientos y tecnologías desarrolladas por universidades y sector productivo.",1,3,4,4,0.297362,0.327957,2.729721,2,0,52,0.666667,4,6,10,0.051564,0.051569,2,0.11347
OTT UPP,OTT UPP,,Oficina de Transferencia de Tecnología de la Universidad Politécnica de Pachuca,Enabler,,5,1,1,HGO082,http://www.otc-obsupp.mx,"Oficina de transferencia de conocimiento, basada en innovación tecnólogica para resolver problemas",1,0,1,4,0.288372,0.309812,0,2,0,49,0,5,0,5,0.019778,0.01978,0,0.042905
Periódico Criterio,Periódico Criterio,,Periódico Criterio,Promoter,,4,1,0.8,HGO083,https://www.criteriohidalgo.com/,Medio de comunicacion impreso hidalguense.,1,0,1,5,0.322078,0.341129,0,1,0,13,0,4,0,4,0.029709,0.029707,0,0.060698
Plan Alfa,Plan Alfa,,Agencia de Innovación Plan Alfa,Enabler,,5,2,2,HGO084,https://www.agenciainnovacionplanalfa.com/,Agencia de Innovación Empresarial & Emprendedora. Capacitación & Consultoría de alto valor e impacto,2,0,2,5,0.302439,0.328091,6.166667,8,0,24,0,10,0,10,0.025426,0.025427,0,0.052934
Play Business,Play Business,,Play Business,Enabler,,2,1,0.4,HGO085,https://playbusiness.mx/,Ecosistema web de inversiones colectivas. Busca proyectos innovadores convertidos en negocio.,1,0,1,5,0.279279,0.297312,0,3,0,35,0,2,0,2,0.007955,0.007955,0,0.018735
PROCAHU,PROCAHU,,PROCAHU,Enabler,1,3,1,0.6,HGO086,http://www.procahu.com/,"Consultoría de Capital Humano, búsqueda, gestión y desarrollo de su personal.",2,8,10,5,0.316327,0.35121,368.755233,6,0,52,0.066667,5,23,28,0.053996,0.053993,1,0.125585
ProMéxico,ProMéxico,,ProMéxico,Promoter,1,3,1,0.6,HGO087,http://www.promexico.mx/,Fideicomiso de gobierno para promover el comercio y la inversión internacional.,2,13,15,4,0.403909,0.455645,667.896693,6,0,56,0.121212,10,53,63,0.182078,0.182076,8,0.387095
Quadratin,Quadratin,,Noticias de Hidalgo Quadratin,Promoter,,3,1,0.6,HGO088,https://hidalgo.quadratin.com.mx/,Agencia mexicana de información y analisis.,0,1,1,5,0.293144,0.313978,0,4,0,88,0,0,3,3,0.012987,0.012987,0,0.028972
Quimera,Quimera,,Quimera,Promoter,,3,1,0.6,HGO089,,"Empresa dedicada a promocionar y comunicar negocios a través de la renta de stands, puntos de venta y eventos",1,0,1,5,0.274945,0.288978,0,8,0,89,0,3,0,3,0.006838,0.006838,0,0.014806
Radio Universidad UAEH,Radio Universidad UAEH,,Radio Universidad UAEH,Promoter,,5,1,1,HGO090,https://www.uaeh.edu.mx/pachucaradio/,Estación de radio propia de la UAEH,1,0,1,5,0.29108,0.311962,0,0,0,4,0,5,0,5,0.016542,0.016543,0,0.035261
Radio y Televisión HGO,Radio y Televisión HGO,,Radio y Televisión de Hidalgo,Promoter,,2.4,5,2.4,HGO091,http://radioytelevision.hidalgo.gob.mx/,Radio y Televisión del Estado de Hidalgo,4,1,5,4,0.346369,0.390457,87.353337,4,0,52,0,11,1,12,0.066012,0.066015,0,0.145068
RedOTT,RedOTT,,Red de Oficinas de Transferencia de Tecnología,Linker,,4,1,0.8,HGO092,http://www.redott.mx/,Asociacion que agrupa Oficinas de Transparencia de Tecnologia.,2,0,2,4,0.289044,0.313844,0,2,0,16,1,5,0,5,0.024409,0.024411,1,0.053868
Reinventa,Reinventa,,Reinventa Incubadora de Ideas,Enabler,,4,1,0.8,HGO093,https://reinventa.com.mx/,Servicios de consultoria para desarrollo de la sostenibilidad y triple impacto.,0,1,1,5,0.295943,0.316263,0,8,0,90,0,0,4,4,0.018587,0.018588,0,0.038127
Revista Mentes QUO,Revista Mentes QUO,,Revista Mentes QUO,Promoter,,5,1,1,HGO094,N/A,"Revista española de ciencia, tecnología, salud e innovación",1,0,1,4,0.300242,0.318548,0,1,0,20,0,5,0,5,0.015103,0.015103,0,0.032655
Revista Núcleo CTI,Revista Núcleo CTI,,Revista Núcleo CTI,Promoter,,5,1,1,HGO095,http://citnova.gob.mx/difusion-y-divulgacion/revista-nucleo-cti/,Proyecto multimedia de divulgación de emprendimiento científico y tecnológico impulsado por el CITNOVA,0,1,1,4,0.300242,0.318548,0,1,0,91,0,0,5,5,0.015103,0.015103,0,0.032655
Revo 300,Revo 300,,Revo 300,Enabler,,3.5,2,1.4,HGO096,http://revo300.co/,Espacio de colaboración y aprendizaje que ofrece la mejor formación en las habilidades tecnológicas más demandadas de la actualidad.,0,2,2,4,0.369048,0.391801,8.069911,7,0,92,0,0,7,7,0.052574,0.052577,0,0.109932
RISUTyP,RISUTyP,,Red de Incubadoras del Subsistema de Universidades Tecnológicas y Politécnicas,Linker,,1,1,0.2,HGO097,http://anut.org.mx/risut/,Implementación de metodologías que contribuyan a la creación de empresas y la generación de empleos y con objeto de apoyar a la comunidad universitaria como a la sociedad.,0,2,2,4,0.293144,0.318548,0,2,0,93,1,0,2,2,0.022698,0.0227,1,0.050236
SAGARPA,SAGARPA,,"Secretaría de Agricultura, Ganadería, Desarrollo Rural, Pesca y Alimentación",Enabler,,3,1,0.6,HGO098,https://www.gob.mx/sagarpa,"Encargada de diseñar, planear, ejecutar y coordinar las políticas públicas en materia Agropecuaria",1,0,1,5,0.293144,0.313978,0,4,0,68,0,3,0,3,0.012987,0.012987,0,0.028972
SE,SE,,Secretaría de Economía,Articulator,,4.142857,7,5.8,HGO099,https://www.gob.mx/se/,Secretaria de Economia del Gobierno Federal,4,4,8,4,0.393651,0.436828,169.306877,6,0,52,0.285714,20,10,30,0.140085,0.140086,6,0.297364
SEDECO HGO,SEDECO HGO,,Secretaría de Desarrollo Económico del Estado de Hidalgo,Articulator,,4,8,6.4,HGO100,http://sedeco.hidalgo.gob.mx/,Secretaria de Desarrollo Economico del Estado de Hidalgo,7,1,8,4,0.406557,0.448925,244.457003,0,0,52,0.238095,29,3,32,0.142643,0.142647,5,0.302799
SEDECO Pachuca,SEDECO Pachuca,,Secretaría de Desarrollo Económico del Municipo de Pachuca,Articulator,,3.333333,3,2,HGO101,https://twitter.com/sedecopachuca,Secretaría de Desarrollo Económico del Municipo de Pachuca,1,2,3,4,0.366864,0.399194,18.666667,5,0,52,0.666667,1,7,8,0.065334,0.065336,2,0.137294
SEPH,SEPH,,Secretaría de Educación Pública de Hidalgo,Articulator,,4,7,5.6,HGO102,http://www.hgo.sep.gob.mx/,Secretaria de Educacion Publica de Hidalgo,5,2,7,4,0.371257,0.405914,38.47459,8,0,52,0.5,20,8,28,0.125204,0.125209,3,0.257398
SICIPAED,SICIPAED,,SICIPAED,Enabler,1,3,1,0.6,HGO103,http://sicipaed.com.mx/,Empresa de investigación y desarrollo de software,3,8,11,4,0.365782,0.412634,208.304365,7,0,52,0.194444,12,34,46,0.10931,0.109306,7,0.237771
Sistema Tecnológico de Monterrey,Sistema Tecnológico de Monterrey,,Sistema Tecnológico de Monterrey,Linker,,5,1,1,HGO104,N/A,"""Sistema ITESM"" hace referencia a la red de universidades del Instituto Tecnológico y de Estudios Superiores de Monterrey",1,0,1,5,0.279279,0.297312,0,3,0,33,0,5,0,5,0.007955,0.007955,0,0.018735
Startup HGO,Startup HGO,,Startup Hidalgo,Community,,3.142857,7,4.4,HGO105,startuphidalgo.org,Organización no gubernamental enfocada en desarrollar el ecosistema Startup en la ciudad de Pachuca,2,5,7,4,0.403909,0.441532,214.05999,7,0,52,0.333333,3,17,20,0.155086,0.155095,5,0.324673
Subsecretaría de Innovación y Emprendimiento Cultural,Subsecretaría de Innovación y Emprendimiento Cultural,,Subsecretaría de Innovación y Emprendimiento Cultural,Articulator,1,3,1,0.6,HGO106,http://cultura.hidalgo.gob.mx,Subsecretaria de Innovaciónn y Emprendimiento Cultural de la Secretaría de Cultura de Hidalgo,0,6,6,4,0.378049,0.411962,277.397291,8,0,94,0.133333,0,25,25,0.076144,0.076144,2,0.159851
SUM,SUM,,Startup México,Enabler,,3,1,0.6,HGO107,http://www.startupmexico.com/,"Organización líder en México en la promoción de la innovación, la cultura emprendedora y el desarrollo económico tanto a nivel local como a nivel internacional",1,0,1,5,0.295943,0.316263,0,8,0,6,0,3,0,3,0.018587,0.018588,0,0.038127
Tapai Coworking,Tapai Coworking,,Tapai Coworking,Enabler,,4,1,0.8,HGO108,http://www.tapai.mx/,Espacio dedicado para emprendedores.,0,1,1,5,0.287703,0.30672,0,5,0,95,0,0,4,4,0.014621,0.014621,0,0.030604
TecNM,TecNM,,Tecnológico Nacional de México,Enabler,,5,4,4,HGO109,https://www.tecnm.mx/,Institución de educación superior y superior en México,4,0,4,4,0.305419,0.334005,12,4,0,1,0,20,0,20,0.064521,0.064524,0,0.140359
TEDNOVA Group,TEDNOVA Group,,TEDNOVA Group,Enabler,,5,1,1,HGO110,http://tednovagroup.org.mx/,"Grupo Corporativo especializado en Educación, Ciencia y Tecnología.",1,0,1,5,0.268398,0.286559,0,7,0,15,0,5,0,5,0.009816,0.009817,0,0.021977
Televisión Regional del Valle del Mezquital,Televisión Regional del Valle del Mezquital,,Televisión Regional del Valle del Mezquital,Promoter,,3,1,0.6,HGO111,https://www.facebook.com/tvmezquital/,Television regional,1,0,1,5,0.293144,0.313978,0,4,0,67,0,3,0,3,0.012987,0.012987,0,0.028972
TV Azteca,TV Azteca,,TV Azteca,Promoter,,5,1,1,HGO112,http://www.tvazteca.com/,Televisión abierta nacional,0,1,1,4,0.300242,0.318548,0,1,0,96,0,0,5,5,0.015103,0.015103,0,0.032655
UAEH,UAEH,,Universidad Autónoma del Estado de Hidalgo,Enabler,,4,2,1.6,HGO113,https://www.uaeh.edu.mx/,Institucion de educación media-superior y superior en México.,2,0,2,5,0.295943,0.322715,6.457206,7,0,3,0,8,0,8,0.02172,0.021721,0,0.047773
UAEH (AI),UAEH (AI),,"Universidad Autónoma del Estado de Hidalgo, Área de Investigación",Knowledge Generator,,3.75,4,3,HGO114,https://www.uaeh.edu.mx/investigacion_uaeh/,Consolidar el desarrollo de proyectos para dar respuesta a la problemática que actualmente enfrenta la sociedad en diferentes contextos.,3,1,4,4,0.333333,0.372984,53.196539,7,0,52,0,12,3,15,0.050445,0.050447,0,0.111268
UAEH Tizayuca (AI),UAEH Tizayuca (AI),,"Universidad Autónoma del Estado de Hidalgo en Tizayuca, Área de Investigación",Knowledge Generator,,2,1,0.4,HGO115,https://www.uaeh.edu.mx/campus/tizayuca/index.html,Institución pública de educación a niveles superior.,1,0,1,4,0.350282,0.372312,0,1,0,32,0,2,0,2,0.042758,0.04276,0,0.087956
UIEBTH,UIEBTH,,Unidad Incubadora de Empresas de Base Tecnológica de Hidalgo,Enabler,1,4,2,1.6,HGO116,https://www.facebook.com/UIEBTH/,Fomentar la creación de empresas de base tecnologica mediante la incubación.,5,13,18,4,0.409241,0.471102,830.829409,0,0,52,0.066667,11,52,63,0.184203,0.184198,8,0.390874
UPFIM (AI),UPFIM (AI),,"Universidad Politécnica de Francisco I. Madero, Área de Investigación",Knowledge Generator,,2,1,0.4,HGO117,http://www.upfim.edu.mx,Institución pública de educación a niveles superior,1,0,1,5,0.293144,0.313978,0,4,0,66,0,2,0,2,0.012987,0.012987,0,0.028972
UPIBI del IPN,UPIBI del IPN,,Unidad Profesional Interdisciplinaria de Biotecnología del Instituto Politécnico Nacional,Knowledge Generator,,4,1,0.8,HGO118,http://www.upibi.ipn.mx,"Unidad de vanguardia incluyente, transparente, sustentable y eficiente que contribuye al desarrollo global de la biotecnología, la bioingeniería y sus ramas afines.",1,0,1,5,0.29108,0.311962,0,0,0,2,0,4,0,4,0.016542,0.016543,0,0.035261
UPIIH,UPIIH,,Unidad Profesional Interdisciplinaria de Ingeniería Campus Hidalgo,Knowledge Generator,1,2,2,0.8,HGO119,http://www.upiih.ipn.mx,Unidad de nivel superior líder en formación de profesionistas en ingeniería,1,3,4,4,0.355301,0.381048,127.199527,0,0,52,0,1,13,14,0.057539,0.057536,0,0.121454
UPMH,UPMH,,Universidad Politécnica Metropolitana de Hidalgo,Enabler,1,3.333333,3,2,HGO120,http://www.upmetropolitana.edu.mx/,Institución pública de enseñanza superior,5,12,17,4,0.418919,0.478495,751.163762,8,0,52,0.12381,21,47,68,0.206977,0.206971,13,0.431283
UPP,UPP,,Universidad Politécnica de Pachuca,Enabler,1,3.666667,3,2.2,HGO121,http://www.upp.edu.mx,Institución pública de educación a niveles superior y posgrado,10,13,23,3,0.403909,0.469086,1064.98505,2,0,52,0.052288,34,59,93,0.220245,0.220229,8,0.474537
UPP (AI),UPP (AI),,"Universidad Politécnica de Pachuca, Área de Investigación",Knowledge Generator,1,4,3,2.4,HGO122,http://www.upp.edu.mx,Área de investigación UPP,4,6,10,4,0.401294,0.446237,394.079203,1,0,52,0.088889,7,10,17,0.119148,0.119147,4,0.255178
UTEC TGO,UTEC TGO,,Universidad Tecnológica de Tulancingo,Enabler,,3.666667,3,2.2,HGO123,http://www.utec-tgo.edu.mx/,"Institución pública descentralizada del Gobierno del Estado, educación superior",3,1,4,4,0.366864,0.394489,83.103287,1,0,52,0.333333,7,5,12,0.063191,0.063189,2,0.13625
UTVM,UTVM,,Universidad Tecnológica del Valle de Mezquital,Enabler,,3,1,0.6,HGO124,http://www.utvm.edu.mx/,Institución pública de nivel superior,1,0,1,4,0.350282,0.372312,0,1,0,31,0,3,0,3,0.042758,0.04276,0,0.087956
ZAGA,ZAGA,,ZAGA,Promoter,,1,1,0.2,HGO125,http://www.zaga-rp.com,Agencia de relaciones publicas y logistica,1,0,1,6,0.240777,0.256183,0,6,0,37,0,1,0,1,0.004849,0.004849,0,0.012927
